order_id,order_loaded_at,order_created_at,order_updated_at,order_subtotal,order_total,line_items_line_id,line_items_product_id,line_items_variant_id,line_items_price,line_items_quantity,line_items_line_total_discount
B1785175,8/2/2022 21:33:18,8/1/2022 1:28:56,8/2/2022 21:00:09,0,0,12360361377851,6658942435387,39640400199739,0,1,
B1785195,8/2/2022 2:02:57,8/1/2022 1:48:54,8/2/2022 1:51:59,0,0,12360418983995,6658942435387,39640400134203,0,1,
B1785257,8/2/2022 22:33:14,8/1/2022 2:52:09,8/2/2022 22:08:50,0,0,12360591900731,6849056931899,40344582619195,0,1,
B1785300,8/1/2022 4:02:43,8/1/2022 3:45:04,8/1/2022 3:45:06,0,0,12360762589243,6658942402619,39640399937595,0,1,
B1785356,8/8/2022 20:28:05,8/1/2022 6:15:49,8/8/2022 20:14:46,0,0,12361687793723,6658942435387,39640400166971,0,1,
B1785393,8/5/2022 22:03:47,8/1/2022 12:33:59,8/5/2022 21:33:12,0,0,12362374283323,6658942435387,39640400265275,0,1,
B1785393,8/3/2022 7:03:17,8/1/2022 12:33:59,8/3/2022 6:41:42,0,0,12362374414395,6658942402619,39640399970363,0,1,
B1785425,8/2/2022 13:03:02,8/1/2022 13:46:56,8/2/2022 12:51:52,0,0,12362538516539,6664156086331,39658218553403,229,1,229
B1785430,8/3/2022 8:33:18,8/1/2022 14:02:49,8/3/2022 8:16:03,0,0,12362574594107,4334708260923,39270058459195,298,1,298
B1785430,8/2/2022 12:33:01,8/1/2022 14:02:49,8/2/2022 12:22:15,0,0,12362574397499,6860183076923,40379362443323,68,1,68
B1785434,8/2/2022 12:33:01,8/1/2022 14:05:04,8/2/2022 12:01:59,0,0,12362581278779,4334708260923,39270058459195,298,1,298
B1785434,8/1/2022 14:32:49,8/1/2022 14:05:04,8/1/2022 14:05:17,0,0,12362581180475,5502697345,40535363944507,58,1,58
B1785437,8/1/2022 14:32:49,8/1/2022 14:07:41,8/1/2022 14:07:43,0,0,12362587013179,5020258238523,34153398763579,298,1,298
B1785439,8/5/2022 9:03:41,8/1/2022 14:09:26,8/5/2022 8:43:16,0,0,12362592190523,10667243405,39510915579963,148,1,148
B1785439,8/2/2022 21:33:20,8/1/2022 14:09:26,8/2/2022 21:11:54,0,0,12362592550971,10667243405,39510915416123,148,1,148
B1785460,8/1/2022 15:02:49,8/1/2022 14:29:20,8/1/2022 14:29:21,0,0,12362641768507,6658942435387,39640400101435,0,1,
B1785522,8/6/2022 12:33:54,8/1/2022 15:34:51,8/6/2022 12:13:04,0,0,12362848239675,6658942435387,39640400265275,0,1,
B1785522,8/6/2022 18:03:56,8/1/2022 15:34:51,8/6/2022 17:29:46,0,0,12362848206907,6658942435387,39640400199739,0,1,
B1785522,8/6/2022 18:03:56,8/1/2022 15:34:51,8/6/2022 17:29:46,0,0,12362848239675,6658942435387,39640400265275,0,1,
B1785522,8/1/2022 16:02:50,8/1/2022 15:34:51,8/1/2022 15:34:54,0,0,12362848239675,6658942435387,39640400265275,0,1,
B1785608,8/8/2022 13:37:59,8/1/2022 17:07:12,8/8/2022 13:03:42,0,0,12363092590651,6860115705915,40379222327355,148,1,148
B1785642,8/5/2022 21:33:48,8/1/2022 17:31:56,8/5/2022 21:04:47,0,0,12363162255419,6658942402619,39640399872059,0,1,
B1785705,8/2/2022 21:33:22,8/1/2022 18:25:14,8/2/2022 21:00:11,0,0,12363312431163,6849056931899,40344582783035,0,1,
B1785705,8/5/2022 23:33:48,8/1/2022 18:25:14,8/5/2022 23:09:42,0,0,12363312365627,6658942402619,39640399872059,0,1,
B1785705,8/2/2022 15:33:10,8/1/2022 18:25:14,8/2/2022 15:12:11,0,0,12363312365627,6658942402619,39640399872059,0,1,
B1785778,8/2/2022 21:33:22,8/1/2022 19:43:31,8/2/2022 21:00:11,0,0,12363525521467,2289536335931,21203484508219,358,1,358
B1785830,8/2/2022 21:33:23,8/1/2022 20:40:26,8/2/2022 21:00:16,0,0,12363674681403,5502687553,21949167361,48,1,48
B1785860,8/6/2022 11:33:53,8/1/2022 21:26:28,8/6/2022 11:07:44,0,0,12363798347835,6658942435387,39640400232507,0,1,
B1785864,8/8/2022 16:58:03,8/1/2022 21:32:12,8/8/2022 16:45:17,0,0,12363812012091,6658942435387,39640400068667,0,1,
B1785864,8/1/2022 21:43:09,8/1/2022 21:32:12,8/1/2022 21:32:13,0,0,12363812044859,6658942435387,39640400265275,0,1,
B1785868,8/2/2022 15:03:10,8/1/2022 21:42:57,8/2/2022 14:57:00,0,0,12363838193723,6658942402619,39640400003131,0,1,
B1785913,8/1/2022 23:32:53,8/1/2022 23:06:53,8/1/2022 23:06:57,0,0,12364036341819,6658942435387,39640400265275,0,1,
B1785926,8/2/2022 21:33:24,8/1/2022 23:25:42,8/2/2022 21:00:11,0,0,12364073041979,6658942435387,39640400101435,0,1,
B1785941,8/8/2022 21:08:06,8/1/2022 23:51:28,8/8/2022 20:45:27,0,0,12364133302331,6658942402619,39640399872059,0,1,
B1785941,8/2/2022 0:02:53,8/1/2022 23:51:28,8/1/2022 23:51:29,0,0,12364133236795,6658942435387,39640400265275,0,1,
B1786110,8/9/2022 15:00:41,8/2/2022 7:34:18,8/9/2022 14:40:11,0,0,12365739950139,6658942435387,39640400166971,0,1,
B1786110,8/3/2022 1:03:14,8/2/2022 7:34:18,8/3/2022 0:38:01,0,0,12365740081211,6658942435387,39640400199739,0,1,
B1786110,8/7/2022 21:07:12,8/2/2022 7:34:18,8/7/2022 20:31:19,0,0,12365740146747,6849056931899,40344582717499,0,1,
B1786186,8/2/2022 17:03:12,8/2/2022 13:35:00,8/2/2022 16:51:59,0,0,12366582710331,5505404673,16872069825,138,1,138
B1786218,8/2/2022 21:33:26,8/2/2022 14:15:22,8/2/2022 21:00:12,0,0,12366696284219,5505404673,16872069825,138,1,138
B1786220,8/2/2022 21:33:26,8/2/2022 14:18:56,8/2/2022 21:00:18,0,0,12366704443451,5502697345,17979736449,68,1,68
B1786244,8/4/2022 18:33:35,8/2/2022 14:36:52,8/4/2022 18:27:34,0,0,12366756282427,6860115705915,40379222327355,148,1,148
B1786247,8/2/2022 22:33:14,8/2/2022 14:38:10,8/2/2022 22:15:57,0,0,12366760181819,5502687553,34394662404155,48,1,48
B1786288,8/3/2022 13:03:21,8/2/2022 15:24:07,8/3/2022 12:53:27,0,0,12366876606523,6957717249,32622806892603,68,1,68
B1786288,8/2/2022 19:33:13,8/2/2022 15:24:07,8/2/2022 19:07:08,0,0,12366876606523,6957717249,32622806892603,68,1,68
B1786380,8/2/2022 18:03:12,8/2/2022 17:35:26,8/2/2022 17:35:28,0,0,12367234596923,5020258238523,34153398730811,278,1,278
B1786385,8/3/2022 2:03:16,8/2/2022 17:40:41,8/3/2022 1:34:28,0,0,12367246032955,10552406541,41280198669,238,1,238
B1786451,8/3/2022 21:33:28,8/2/2022 19:05:46,8/3/2022 21:01:17,0,0,12367478685755,5020258238523,34153399517243,278,1,278
B1786485,8/3/2022 21:33:28,8/2/2022 19:57:12,8/3/2022 21:00:07,0,0,12367608774715,6835317375035,40303198273595,278,1,278
B1786753,8/3/2022 2:33:15,8/3/2022 2:13:42,8/3/2022 2:13:44,0,0,12368634576955,6849056931899,40344582717499,0,1,
B1786772,8/3/2022 3:03:15,8/3/2022 2:48:58,8/3/2022 2:49:00,0,0,12368728358971,6658942402619,39640399937595,0,1,
B1786791,8/3/2022 16:03:22,8/3/2022 3:32:17,8/3/2022 15:26:53,0,0,12368852254779,6849056931899,40344582619195,0,1,
B1786791,8/4/2022 2:03:28,8/3/2022 3:32:17,8/4/2022 1:40:06,0,0,12368852189243,6658942435387,39640400068667,0,1,
B1786791,8/6/2022 11:33:53,8/3/2022 3:32:17,8/6/2022 11:10:04,0,0,12368852254779,6849056931899,40344582619195,0,1,
B1786833,8/5/2022 11:33:44,8/3/2022 8:23:25,8/5/2022 11:19:13,0,0,12369933303867,6658942435387,39640400101435,0,1,
B1786847,8/5/2022 19:03:46,8/3/2022 11:34:18,8/5/2022 18:52:31,0,0,12370346311739,6658942435387,39640400101435,0,1,
B1786861,8/6/2022 18:03:56,8/3/2022 12:25:23,8/6/2022 17:26:31,0,0,12370490196027,6658942435387,39640400166971,0,1,
B1786892,8/6/2022 1:33:48,8/3/2022 13:23:29,8/6/2022 1:14:42,0,0,12370649677883,5020258238523,34153398108219,228,2,456
B1787029,8/3/2022 16:33:23,8/3/2022 16:20:10,8/3/2022 16:20:20,0,0,12371137593403,6849056931899,40344582717499,0,1,
B1787029,8/6/2022 13:33:54,8/3/2022 16:20:10,8/6/2022 12:57:14,0,0,12371137593403,6849056931899,40344582717499,0,1,
B1787046,8/5/2022 1:33:38,8/3/2022 16:42:20,8/5/2022 1:09:28,0,0,12371193659451,6860115705915,40379222327355,148,1,148
B1787108,8/9/2022 9:00:29,8/3/2022 17:40:23,8/9/2022 8:26:47,0,0,12371341279291,6658942435387,39640400265275,0,1,
B1787145,8/3/2022 18:33:26,8/3/2022 18:20:38,8/3/2022 18:20:40,0,0,12371449741371,6552426250299,39304849522747,418,1,418
B1787162,8/6/2022 14:33:54,8/3/2022 18:50:45,8/6/2022 13:58:51,0,0,12371530809403,6658942435387,39640400265275,0,1,
B1787172,8/4/2022 21:33:38,8/3/2022 19:08:42,8/4/2022 21:00:27,0,0,12371577831483,6673614667835,40379292942395,0,1,
B1787189,8/11/2022 12:33:41,8/3/2022 19:35:20,8/11/2022 12:25:11,0,0,12371646054459,5502688577,17979759489,22,1,22
B1787283,8/3/2022 22:03:25,8/3/2022 21:33:22,8/3/2022 21:33:31,0,0,12371954958395,6658942435387,39640400199739,0,1,
B1787303,8/3/2022 22:03:26,8/3/2022 21:55:03,8/3/2022 21:55:11,0,0,12372010991675,6658942435387,39640400166971,0,1,
B1787303,8/4/2022 13:33:33,8/3/2022 21:55:03,8/4/2022 13:07:09,0,0,12372010991675,6658942435387,39640400166971,0,1,
B1787334,8/6/2022 9:03:52,8/3/2022 22:29:37,8/6/2022 8:29:50,0,0,12372096188475,6849056931899,40344582717499,0,1,
B1787370,8/5/2022 8:33:41,8/3/2022 23:16:26,8/5/2022 8:08:32,0,0,12372212383803,6658942402619,39640400003131,0,1,
B1787442,8/5/2022 2:03:38,8/4/2022 1:07:23,8/5/2022 1:47:33,0,0,12372499333179,6849056931899,40344582717499,0,1,
B1787442,8/5/2022 10:33:44,8/4/2022 1:07:23,8/5/2022 10:00:25,0,0,12372499365947,6658942402619,39640400003131,0,1,
B1787442,8/5/2022 17:33:45,8/4/2022 1:07:23,8/5/2022 17:25:04,0,0,12372499300411,6658942402619,39640399970363,0,1,
B1787478,8/6/2022 14:33:55,8/4/2022 1:56:48,8/6/2022 14:04:26,0,0,12372628078651,6658942435387,39640400166971,0,1,
B1787537,8/4/2022 21:33:41,8/4/2022 3:47:04,8/4/2022 21:00:27,0,0,12372951892027,6849056931899,40344582717499,0,1,
B1787537,8/5/2022 11:03:43,8/4/2022 3:47:04,8/5/2022 10:53:30,0,0,12372951793723,6658942402619,39640400003131,0,1,
B1787537,8/4/2022 13:33:33,8/4/2022 3:47:04,8/4/2022 13:18:24,0,0,12372951760955,6658942402619,39640399872059,0,1,
B1787591,8/4/2022 15:03:34,8/4/2022 11:38:36,8/4/2022 14:41:54,0,0,12374317039675,6658942402619,39640399937595,0,1,
B1787629,8/6/2022 6:33:51,8/4/2022 13:21:51,8/6/2022 6:05:29,0,0,12374576955451,6658942435387,39640400134203,0,1,
B1787629,8/6/2022 6:33:51,8/4/2022 13:21:51,8/6/2022 6:05:29,0,0,12374577086523,6658942435387,39640400199739,0,1,
B1787631,8/8/2022 12:37:59,8/4/2022 13:22:53,8/8/2022 12:19:55,0,0,12374579118139,2289536335931,31081885859899,358,1,358
B1787639,8/5/2022 12:03:42,8/4/2022 13:29:32,8/5/2022 11:32:03,0,0,12374598058043,5020258238523,34153399517243,278,1,278
B1787641,8/4/2022 18:33:36,8/4/2022 13:33:56,8/4/2022 18:06:54,0,0,12374608674875,5502688193,17979761025,48,1,48
B1787739,8/4/2022 15:33:34,8/4/2022 15:14:50,8/4/2022 15:14:59,0,0,12374865739835,10552406541,41280198797,238,1,238
B1787747,8/6/2022 1:03:48,8/4/2022 15:26:56,8/6/2022 0:46:59,0,0,12374898573371,6658942435387,39640400232507,0,1,
B1787764,8/5/2022 21:33:47,8/4/2022 15:53:13,8/5/2022 21:00:32,0,0,12374968172603,6860115705915,40379222327355,148,1,148
B1787800,8/4/2022 18:33:36,8/4/2022 16:43:36,8/4/2022 18:22:12,0,0,12375101734971,5020258238523,34153398239291,298,1,298
B1787852,8/5/2022 3:03:38,8/4/2022 17:33:29,8/5/2022 2:27:37,0,0,12375235231803,6658942435387,39640400068667,0,1,
B1787852,8/8/2022 19:38:05,8/4/2022 17:33:29,8/8/2022 18:57:59,0,0,12375235166267,6658942402619,39640399970363,0,1,
B1787868,8/4/2022 18:33:37,8/4/2022 17:54:33,8/4/2022 18:22:05,0,0,12375289036859,5502700865,16865375361,48,3,144
B1787881,8/4/2022 19:33:37,8/4/2022 18:04:42,8/4/2022 18:56:56,0,0,12375313186875,6658942435387,39640400068667,0,1,
B1787922,8/5/2022 12:03:43,8/4/2022 18:46:32,8/5/2022 11:31:59,0,0,12375416504379,5502697345,17979737089,68,2,136
B1787954,8/8/2022 16:58:03,8/4/2022 19:16:58,8/8/2022 16:34:24,0,0,12375494426683,4331055251515,31084825444411,498,1,498
B1787994,8/5/2022 21:03:47,8/4/2022 20:24:18,8/5/2022 20:45:19,0,0,12375670652987,6914252374075,40551930134587,259,1,259
B1788027,8/4/2022 21:33:42,8/4/2022 21:03:38,8/4/2022 21:03:39,0,0,12375756079163,5502687553,34394662305851,48,1,48
B1788059,8/4/2022 22:33:37,8/4/2022 22:01:28,8/4/2022 22:01:31,0,0,12375904550971,6658942435387,39640400101435,0,1,
B1788059,8/6/2022 4:03:50,8/4/2022 22:01:28,8/6/2022 3:28:52,0,0,12375904550971,6658942435387,39640400101435,0,1,
B1788107,8/9/2022 12:00:33,8/4/2022 23:29:02,8/9/2022 11:30:34,0,0,12376129732667,6658942435387,39640400265275,0,1,
B1788127,8/5/2022 0:33:37,8/5/2022 0:03:57,8/5/2022 0:04:08,0,0,12376218959931,6658942337083,39640399675451,0,4,
B1788142,8/8/2022 21:28:07,8/5/2022 0:26:34,8/8/2022 21:16:27,0,0,12376271290427,6658942435387,39640400232507,0,1,
B1788163,8/6/2022 10:03:53,8/5/2022 1:05:15,8/6/2022 9:51:19,0,0,12376363565115,6658942402619,39640399872059,0,1,
B1788230,8/6/2022 1:03:49,8/5/2022 3:24:57,8/6/2022 0:45:02,0,0,12376705761339,6658942435387,39640400101435,0,1,
B1788230,8/8/2022 13:08:00,8/5/2022 3:24:57,8/8/2022 12:47:06,0,0,12376705564731,6658942435387,39640400265275,0,1,
B1788267,8/5/2022 21:03:48,8/5/2022 5:50:14,8/5/2022 20:36:06,0,0,12377622511675,6849056931899,40344582717499,0,1,
B1788267,8/11/2022 12:33:42,8/5/2022 5:50:14,8/11/2022 12:01:26,0,0,12377622577211,6849056931899,40344582651963,0,1,
B1788269,8/6/2022 5:03:50,8/5/2022 6:18:48,8/6/2022 4:35:00,0,0,12377662095419,6658942435387,39640400101435,0,1,
B1788324,8/6/2022 6:03:51,8/5/2022 13:08:38,8/6/2022 5:34:45,0,0,12378458882107,4560054976571,32236724027451,58,1,58
B1788349,8/5/2022 16:03:45,8/5/2022 13:59:21,8/5/2022 15:51:55,0,0,12378587627579,6849056931899,40344582783035,0,1,
B1788349,8/5/2022 16:03:45,8/5/2022 13:59:21,8/5/2022 15:51:55,0,0,12378587430971,6658942435387,39640400101435,0,1,
B1788349,8/5/2022 16:03:45,8/5/2022 13:59:21,8/5/2022 15:51:55,0,0,12378587660347,6849056931899,40344582717499,0,1,
B1788349,8/5/2022 14:33:44,8/5/2022 13:59:21,8/5/2022 13:59:25,0,0,12378587660347,6849056931899,40344582717499,0,1,
B1788349,8/5/2022 14:33:44,8/5/2022 13:59:21,8/5/2022 13:59:25,0,0,12378587463739,6658942402619,39640400003131,0,1,
B1788349,8/11/2022 17:33:44,8/5/2022 13:59:21,8/11/2022 17:23:23,0,0,12378587463739,6658942402619,39640400003131,0,1,
B1788349,8/5/2022 21:33:50,8/5/2022 13:59:21,8/5/2022 21:00:32,0,0,12378587594811,6849056931899,40344582651963,0,1,
B1788349,8/11/2022 11:33:41,8/5/2022 13:59:21,8/11/2022 11:04:32,0,0,12378587594811,6849056931899,40344582651963,0,1,
B1788349,8/11/2022 11:33:41,8/5/2022 13:59:21,8/11/2022 11:04:32,0,0,12378587430971,6658942435387,39640400101435,0,1,
B1788366,8/5/2022 14:33:44,8/5/2022 14:18:28,8/5/2022 14:18:31,0,0,12378639302715,6658942402619,39640400003131,0,1,
B1788422,8/5/2022 16:03:45,8/5/2022 15:38:49,8/5/2022 15:38:57,0,0,12378856456251,1433677430843,39764759773243,298,1,298
B1788477,8/5/2022 21:33:52,8/5/2022 16:47:34,8/5/2022 21:00:32,0,0,12379045429307,10552406541,41280198925,258,1,258
B1788484,8/5/2022 21:03:50,8/5/2022 16:55:58,8/5/2022 20:35:25,0,0,12379069153339,4560054976571,32236724027451,58,2,116
B1788497,8/5/2022 17:33:45,8/5/2022 17:13:58,8/5/2022 17:14:06,0,0,12379120500795,6546183913531,40379125235771,368,1,368
B1788549,8/12/2022 13:03:53,8/5/2022 18:15:57,8/12/2022 12:55:53,0,0,12379284111419,2289536335931,34394599850043,358,1,358
B1788549,8/11/2022 21:33:47,8/5/2022 18:15:57,8/11/2022 20:57:08,0,0,12379284111419,2289536335931,34394599850043,358,1,358
B1788583,8/5/2022 21:03:50,8/5/2022 18:57:23,8/5/2022 20:35:07,0,0,12379393196091,6658942435387,39640400265275,0,1,
B1788851,8/6/2022 2:03:49,8/6/2022 1:34:20,8/6/2022 1:34:22,0,0,12380417818683,6849056931899,40344582717499,0,1,
B1788884,8/6/2022 3:03:50,8/6/2022 2:43:35,8/6/2022 2:43:36,0,0,12380578775099,6658942402619,39640400003131,0,1,
B1788892,8/9/2022 9:00:29,8/6/2022 3:01:47,8/9/2022 8:27:13,0,0,12380624224315,6658942435387,39640400134203,0,1,
B1788989,8/7/2022 23:37:12,8/6/2022 13:09:45,8/7/2022 23:01:49,0,0,12381796499515,6658942435387,39640400166971,0,1,
B1788989,8/9/2022 12:00:34,8/6/2022 13:09:45,8/9/2022 11:42:18,0,0,12381796532283,6658942435387,39640400265275,0,1,
B1789323,8/8/2022 0:07:13,8/6/2022 20:00:46,8/7/2022 23:46:56,0,0,12382883053627,6658942402619,39640399970363,0,1,
B1789323,8/18/2022 20:59:05,8/6/2022 20:00:46,8/18/2022 20:28:11,0,0,12382883086395,6849056931899,40344582717499,0,1,
B1789361,8/6/2022 21:03:57,8/6/2022 20:32:22,8/6/2022 20:32:23,0,0,12382975623227,6658942435387,39640400101435,0,1,
B1789464,8/9/2022 12:00:34,8/6/2022 22:05:49,8/9/2022 11:35:43,0,0,12383206965307,6658942435387,39640400199739,0,1,
B1789464,8/7/2022 23:07:12,8/6/2022 22:05:49,8/7/2022 22:47:01,0,0,12383206965307,6658942435387,39640400199739,0,1,
B1789472,8/11/2022 22:33:46,8/6/2022 22:11:38,8/11/2022 22:15:06,0,0,12383221284923,6658942435387,39640400134203,0,1,
B1789505,8/11/2022 13:33:42,8/6/2022 22:49:07,8/11/2022 13:08:12,0,0,12383322767419,6658942435387,39640400134203,0,1,
B1789600,8/7/2022 1:34:00,8/7/2022 1:19:32,8/7/2022 1:19:34,0,0,12383695077435,6658942402619,39640399872059,0,1,
B1789600,8/7/2022 23:07:13,8/7/2022 1:19:32,8/7/2022 22:41:53,0,0,12383695044667,6658942435387,39640400265275,0,1,
B1789666,8/9/2022 12:00:34,8/7/2022 4:17:27,8/9/2022 11:38:05,0,0,12384123879483,6658942435387,39640400265275,0,1,
B1789800,8/12/2022 14:03:53,8/7/2022 14:27:06,8/12/2022 13:32:25,0,0,12385353793595,6849056931899,40344582717499,0,1,
B1789845,8/7/2022 15:57:09,8/7/2022 15:40:45,8/7/2022 15:40:54,0,0,12385520844859,6658942435387,39640400199739,0,5,
B1790011,8/13/2022 0:33:57,8/7/2022 18:29:54,8/13/2022 0:14:53,0,0,12385954332731,6849056931899,40344582619195,0,1,
B1790165,8/8/2022 16:28:03,8/7/2022 21:21:03,8/8/2022 16:22:15,0,0,12386397323323,6658942435387,39640400199739,0,1,
B1790220,8/8/2022 15:38:03,8/7/2022 22:17:09,8/8/2022 15:06:58,0,0,12386528657467,6658942402619,39640399937595,0,1,
B1790276,8/8/2022 0:07:13,8/7/2022 23:28:33,8/7/2022 23:28:43,0,0,12386706128955,6658942435387,39640400134203,0,1,
B1790302,8/10/2022 2:30:47,8/7/2022 23:58:20,8/10/2022 2:01:21,0,0,12386788802619,6658942402619,39640399937595,0,1,
B1790402,8/9/2022 16:00:42,8/8/2022 1:52:51,8/9/2022 15:35:03,0,0,12387102228539,6658942435387,39640400068667,0,1,
B1790445,8/12/2022 18:03:55,8/8/2022 2:37:38,8/12/2022 17:31:38,0,0,12387209871419,6658942402619,39640400003131,0,1,
B1790473,8/12/2022 12:33:52,8/8/2022 3:09:59,8/12/2022 12:02:04,0,0,12387330719803,6658942435387,39640400166971,0,1,
B1790555,8/11/2022 9:03:40,8/8/2022 11:53:17,8/11/2022 8:51:49,0,0,12388952473659,6658942402619,39640399872059,0,1,
B1790678,8/15/2022 17:28:33,8/8/2022 14:38:36,8/15/2022 17:05:47,0,0,12389384781883,1719150608443,16355560292411,658,1,658
B1790698,8/9/2022 14:00:41,8/8/2022 14:56:15,8/9/2022 13:36:50,0,0,12389435244603,2289536335931,34394599981115,328,1,328
B1790727,8/12/2022 10:33:52,8/8/2022 15:29:50,8/12/2022 10:06:44,0,0,12389535318075,6849056931899,40344582619195,0,1,
B1790727,8/11/2022 22:03:46,8/8/2022 15:29:50,8/11/2022 21:48:45,0,0,12389535318075,6849056931899,40344582619195,0,1,
B1790736,8/13/2022 0:33:57,8/8/2022 15:40:12,8/13/2022 0:02:13,0,0,12389563531323,5502688577,18042809729,22,1,22
B1790746,8/8/2022 16:08:03,8/8/2022 15:49:14,8/8/2022 15:49:15,0,0,12389585485883,6658942435387,39640400265275,0,1,
B1790746,8/10/2022 2:00:47,8/8/2022 15:49:14,8/10/2022 1:30:10,0,0,12389585453115,6658942402619,39640400003131,0,1,
B1790746,8/12/2022 15:03:54,8/8/2022 15:49:14,8/12/2022 14:47:28,0,0,12389585485883,6658942435387,39640400265275,0,1,
B1790769,8/10/2022 5:21:13,8/8/2022 16:06:15,8/10/2022 3:35:38,0,0,12389635817531,5502688577,18042809729,22,1,22
B1790775,8/9/2022 21:30:46,8/8/2022 16:10:50,8/9/2022 21:18:33,0,0,12389648793659,10552406541,34394659258427,258,1,258
B1790799,8/10/2022 2:00:48,8/8/2022 16:31:03,8/10/2022 1:30:33,0,0,12389700304955,6658942435387,39640400101435,0,1,
B1790827,8/11/2022 10:03:41,8/8/2022 16:49:55,8/11/2022 9:34:44,0,0,12389751750715,6664157036603,39658225008699,348,1,348
B1790829,8/8/2022 17:08:02,8/8/2022 16:53:42,8/8/2022 16:53:44,0,0,12389761450043,10552406541,34394659258427,258,1,258
B1790852,8/15/2022 14:36:37,8/8/2022 17:06:58,8/15/2022 13:56:11,0,0,12389798772795,10552406541,34394658177083,238,1,238
B1790855,8/13/2022 10:04:01,8/8/2022 17:09:33,8/13/2022 9:53:53,0,0,12389805948987,6658942435387,39640400134203,0,1,
B1790861,8/11/2022 0:03:36,8/8/2022 17:13:55,8/10/2022 23:48:52,0,0,12389821087803,10552406541,34394658177083,238,1,238
B1790863,8/13/2022 17:04:05,8/8/2022 17:14:44,8/13/2022 16:37:45,0,0,12389824921659,10552406541,34394658177083,238,1,238
B1790869,8/10/2022 2:30:47,8/8/2022 17:18:21,8/10/2022 2:20:00,0,0,12389836390459,6658942435387,39640400232507,0,1,
B1790923,8/10/2022 2:00:48,8/8/2022 17:59:37,8/10/2022 1:38:22,0,0,12389964480571,5502697345,40535364501563,68,1,68
B1790972,8/10/2022 13:33:32,8/8/2022 18:43:59,8/10/2022 13:20:31,0,0,12390111543355,6658942435387,39640400134203,0,1,
B1790979,8/9/2022 17:30:43,8/8/2022 18:53:07,8/9/2022 16:57:09,0,0,12390136447035,4331136745531,39300768235579,118,1,118
B1790982,8/10/2022 2:00:48,8/8/2022 18:57:37,8/10/2022 1:38:00,0,0,12390151913531,5098744447035,34410293985339,308,1,308
B1790985,8/10/2022 2:00:48,8/8/2022 19:01:45,8/10/2022 1:29:57,0,0,12390165086267,4331055251515,31084825477179,568,12,6816
B1791062,8/9/2022 12:30:35,8/8/2022 20:31:38,8/9/2022 12:16:55,0,0,12390426116155,6658942435387,39640400068667,0,1,
B1791074,8/10/2022 22:33:36,8/8/2022 20:42:03,8/10/2022 22:18:53,0,0,12390456819771,6849056931899,40344582619195,0,1,
B1791116,8/11/2022 12:33:42,8/8/2022 21:31:00,8/11/2022 12:04:29,0,0,12390592905275,6658942435387,39640400199739,0,1,
B1791441,8/11/2022 5:03:38,8/9/2022 13:06:28,8/11/2022 4:52:55,0,0,12393329754171,5020258238523,34153398239291,298,1,298
B1791469,8/12/2022 23:03:57,8/9/2022 13:54:57,8/12/2022 22:32:37,0,0,12393477079099,4633422823483,34397024780347,38,2,76
B1791475,8/9/2022 18:30:43,8/9/2022 14:06:59,8/9/2022 18:07:09,0,0,12393510797371,5020258238523,34153398206523,278,1,278
B1791511,8/9/2022 15:30:41,8/9/2022 15:11:31,8/9/2022 15:11:42,0,0,12393702228027,5502697345,39937823440955,58,1,58
B1791516,8/9/2022 15:30:42,8/9/2022 15:14:00,8/9/2022 15:14:08,0,0,12393708453947,4334896676923,39270082838587,388,1,388
B1791528,8/10/2022 3:00:48,8/9/2022 15:35:17,8/10/2022 2:50:43,0,0,12393769926715,6664157036603,39658225008699,348,1,348
B1791528,8/10/2022 11:03:31,8/9/2022 15:35:17,8/10/2022 10:53:02,0,0,12393769926715,6664157036603,39658225008699,348,1,348
B1791531,8/10/2022 1:30:48,8/9/2022 15:37:53,8/10/2022 1:13:03,0,0,12393778675771,5115367948347,39348884471867,308,1,308
B1791531,8/10/2022 21:03:37,8/9/2022 15:37:53,8/10/2022 20:26:22,0,0,12393778675771,5115367948347,39348884471867,308,1,308
B1791593,8/11/2022 19:03:46,8/9/2022 17:04:25,8/11/2022 18:50:24,0,0,12394019029051,6957717249,32622806892603,68,1,68
B1791598,8/11/2022 17:03:44,8/9/2022 17:08:38,8/11/2022 16:46:07,0,0,12394031644731,1433677430843,30118155780155,278,1,278
B1791683,8/15/2022 19:06:36,8/9/2022 18:42:04,8/15/2022 18:40:19,0,0,12394365485115,2083208626235,39757189677115,58,1,58
B1791693,8/12/2022 10:33:52,8/9/2022 18:59:59,8/12/2022 10:09:39,0,0,12394458611771,6658942435387,39640400232507,0,2,
B1791706,8/9/2022 19:30:44,8/9/2022 19:13:17,8/9/2022 19:13:18,0,0,12394522574907,5502688577,18042809729,22,1,22
B1791744,8/9/2022 20:30:44,8/9/2022 19:59:42,8/9/2022 19:59:50,0,0,12394765844539,8375779329,33242603853,158,1,158
B1791746,8/11/2022 5:33:38,8/9/2022 20:03:29,8/11/2022 5:11:35,0,0,12394784030779,6538539401275,39257329696827,308,1,308
B1791925,8/10/2022 0:30:46,8/10/2022 0:00:37,8/10/2022 0:00:39,0,0,12395492311099,6658942435387,39640400232507,0,1,
B1792036,8/10/2022 2:30:47,8/10/2022 2:25:06,8/10/2022 2:25:08,0,0,12395866619963,6658942435387,39640400166971,0,1,
B1792105,8/13/2022 10:34:02,8/10/2022 5:02:03,8/13/2022 10:21:00,0,0,12396697976891,6849056931899,40344582619195,0,1,
B1792144,8/11/2022 17:03:44,8/10/2022 11:48:39,8/11/2022 16:53:11,0,0,12397489750075,6658942402619,39640399970363,0,1,
B1792148,8/10/2022 16:33:33,8/10/2022 12:15:55,8/10/2022 16:16:57,0,0,12397552599099,6658942435387,39640400101435,0,1,
B1792199,8/10/2022 23:03:40,8/10/2022 14:08:13,8/10/2022 22:28:58,0,0,12397833125947,2264636325947,21102996488251,388,1,388
B1792202,8/10/2022 15:03:33,8/10/2022 14:11:02,8/10/2022 14:35:23,0,0,12397840138299,6658942402619,39640400003131,0,1,
B1792291,8/12/2022 9:33:51,8/10/2022 16:04:56,8/12/2022 8:57:29,0,0,12398145110075,6664156479547,39658221797435,278,1,278
B1792311,8/12/2022 8:33:51,8/10/2022 16:24:01,8/12/2022 8:13:21,0,0,12398203338811,6552497127483,39305040035899,398,1,398
B1792364,8/10/2022 17:33:33,8/10/2022 17:06:02,8/10/2022 17:06:12,0,0,12398328774715,5502687553,21949167361,48,1,48
B1792378,8/10/2022 17:33:33,8/10/2022 17:21:12,8/10/2022 17:21:14,0,0,12398366228539,6658942337083,39640399675451,0,1,
B1792378,8/10/2022 17:33:33,8/10/2022 17:21:12,8/10/2022 17:21:14,0,0,12398366195771,6658942435387,39640400265275,0,1,
B1792422,8/11/2022 17:03:44,8/10/2022 18:00:48,8/11/2022 16:46:15,0,0,12398477049915,5020258238523,34153398206523,278,1,278
B1792424,8/10/2022 19:03:35,8/10/2022 18:02:28,8/10/2022 18:36:53,0,0,12398480588859,6658942402619,39640399872059,0,1,
B1792431,8/17/2022 0:33:14,8/10/2022 18:10:45,8/16/2022 23:57:13,0,0,12398500970555,6849056931899,40344582619195,0,1,
B1792435,8/12/2022 16:33:54,8/10/2022 18:14:51,8/12/2022 16:12:08,0,0,12398515945531,6658942337083,39640399609915,0,1,
B1792471,8/10/2022 19:03:35,8/10/2022 18:37:45,8/10/2022 18:37:47,0,0,12398577582139,5502687553,31640384461,48,1,48
B1792474,8/11/2022 17:03:44,8/10/2022 18:43:19,8/11/2022 16:43:13,0,0,12398596489275,4334708260923,31097932873787,328,1,328
B1792564,8/12/2022 11:33:52,8/10/2022 20:21:12,8/12/2022 11:19:14,0,0,12398863941691,4334896676923,39270082347067,388,1,388
B1792567,8/12/2022 1:33:47,8/10/2022 20:24:59,8/12/2022 0:57:26,0,0,12398874460219,6849056931899,40344582783035,0,1,
B1792612,8/16/2022 1:10:00,8/10/2022 21:19:33,8/16/2022 0:55:10,0,0,12399023554619,6664157036603,39658225041467,388,1,388
B1792650,8/10/2022 22:33:36,8/10/2022 22:18:30,8/10/2022 22:18:41,0,0,12399186509883,6658942435387,39640400265275,0,1,
B1792931,8/13/2022 10:04:02,8/11/2022 13:13:19,8/13/2022 9:32:48,0,0,12401804410939,6658942435387,39640400134203,0,1,
B1792975,8/11/2022 15:33:44,8/11/2022 13:50:28,8/11/2022 15:16:55,0,0,12401902682171,6658942435387,39640400199739,0,1,
B1793058,8/11/2022 15:33:44,8/11/2022 14:56:19,8/11/2022 15:11:53,0,0,12402090836027,6658942337083,39640399642683,0,1,
B1793083,8/11/2022 16:33:45,8/11/2022 15:25:46,8/11/2022 16:21:49,0,0,12402175967291,10552406541,41280198669,238,1,238
B1793155,8/11/2022 18:33:45,8/11/2022 16:31:48,8/11/2022 18:16:56,0,0,12402374705211,6658942435387,39640400101435,0,1,
B1793156,8/12/2022 1:03:49,8/11/2022 16:32:19,8/12/2022 0:33:26,0,0,12402376474683,6658942402619,39640400003131,0,1,
B1793156,8/11/2022 18:33:45,8/11/2022 16:32:19,8/11/2022 17:57:07,0,0,12402376540219,6849056931899,40344582619195,0,1,
B1793163,8/12/2022 12:03:53,8/11/2022 16:41:55,8/12/2022 11:31:01,0,0,12402407866427,5020258238523,34153398206523,278,1,278
B1793163,8/11/2022 17:03:45,8/11/2022 16:41:55,8/11/2022 16:41:57,0,0,12402407899195,6664155463739,39658214424635,358,1,358
B1793185,8/16/2022 16:42:04,8/11/2022 17:05:09,8/16/2022 16:21:01,0,0,12402481758267,6658942402619,39640399970363,0,1,
B1793231,8/11/2022 19:03:46,8/11/2022 17:50:31,8/11/2022 18:51:54,0,0,12402617843771,2289536335931,21203484508219,358,1,358
B1793231,8/15/2022 18:29:49,8/11/2022 17:50:31,8/15/2022 18:23:44,0,0,12402617811003,5020258238523,34153398239291,298,1,298
B1793233,8/11/2022 21:33:52,8/11/2022 17:52:44,8/11/2022 21:00:23,0,0,12402624528443,6294583361,31949619593275,148,1,148
B1793245,8/13/2022 18:34:06,8/11/2022 18:05:48,8/13/2022 18:12:07,0,0,12402663456827,5502687553,21949266113,48,2,96
B1793266,8/11/2022 21:33:52,8/11/2022 18:31:49,8/11/2022 21:00:23,0,0,12402756288571,10552406541,41280198989,258,1,258
B1793298,8/13/2022 4:03:58,8/11/2022 19:15:18,8/13/2022 3:34:46,0,0,12402894340155,5020258238523,34153399550011,298,1,298
B1793338,8/12/2022 22:03:57,8/11/2022 20:07:52,8/12/2022 21:29:48,0,0,12403086983227,5502697345,16865337409,58,1,58
B1793343,8/11/2022 20:33:46,8/11/2022 20:13:47,8/11/2022 20:13:54,0,0,12403108446267,5020258238523,40535383375931,278,1,278
B1793346,8/15/2022 8:29:44,8/11/2022 20:19:19,8/15/2022 8:15:36,0,0,12403129679931,1433677430843,33912427839547,278,1,278
B1793346,8/11/2022 20:33:46,8/11/2022 20:19:19,8/11/2022 20:19:21,0,0,12403129745467,4399160754235,31415445356603,198,1,198
B1793346,8/15/2022 16:39:31,8/11/2022 20:19:19,8/15/2022 16:25:30,0,0,12403129712699,6552434114619,39304868724795,68,1,68
B1793389,8/11/2022 21:33:52,8/11/2022 21:08:42,8/11/2022 21:08:44,0,0,12403306561595,2334787305531,33971278807099,108,2,216
B1793473,8/16/2022 17:33:23,8/11/2022 23:17:08,8/16/2022 17:12:28,0,0,12403692666939,6849056931899,40344582619195,0,1,
B1793653,8/12/2022 8:33:51,8/12/2022 8:07:20,8/12/2022 8:07:22,0,0,12405511094331,6658942435387,39640400265275,0,1,
B1793653,8/15/2022 21:07:44,8/12/2022 8:07:20,8/15/2022 20:51:33,0,0,12405511028795,6849056931899,40344582619195,0,1,
B1793690,8/12/2022 21:33:58,8/12/2022 13:04:12,8/12/2022 21:12:33,0,0,12406146826299,6664157036603,39658224975931,388,1,388
B1793857,8/12/2022 17:33:55,8/12/2022 17:20:46,8/12/2022 17:20:55,0,0,12406899245115,5020258238523,34153398239291,298,1,298
B1793912,8/12/2022 19:03:56,8/12/2022 18:13:39,8/12/2022 18:46:55,0,0,12407047225403,5502700865,17979725057,48,2,96
B1793920,8/12/2022 18:33:56,8/12/2022 18:19:03,8/12/2022 18:19:05,0,0,12407061479483,10552479565,41280559629,458,1,458
B1793921,8/19/2022 9:59:04,8/12/2022 18:21:09,8/19/2022 9:52:56,0,0,12407067050043,6658942337083,39640399675451,0,1,
B1793921,8/12/2022 21:34:00,8/12/2022 18:21:09,8/12/2022 21:00:19,0,0,12407067050043,6658942337083,39640399675451,0,1,
B1793987,8/14/2022 16:04:39,8/12/2022 19:32:56,8/14/2022 15:51:50,0,0,12407258906683,6658942435387,39640400134203,0,1,
B1794048,8/18/2022 19:05:05,8/12/2022 20:51:47,8/18/2022 18:54:40,0,0,12407475437627,4331165679675,31084991610939,298,1,298
B1794060,8/16/2022 7:27:00,8/12/2022 21:03:36,8/16/2022 7:15:55,0,0,12407506206779,6658942435387,39640400166971,0,1,
B1794065,8/16/2022 13:00:41,8/12/2022 21:12:15,8/16/2022 12:47:56,0,0,12407528685627,6747114766395,39940847271995,68,2,136
B1794070,8/16/2022 11:30:36,8/12/2022 21:16:39,8/16/2022 11:25:52,0,0,12407541071931,6658942402619,39640399937595,0,1,
B1794212,8/14/2022 16:34:39,8/13/2022 2:13:40,8/14/2022 15:56:51,0,0,12408345722939,6658942402619,39640400003131,0,1,
B1794272,8/18/2022 16:33:16,8/13/2022 5:59:23,8/18/2022 16:24:02,0,0,12408828067899,6658942435387,39640400232507,0,1,
B1794329,8/13/2022 13:34:03,8/13/2022 13:16:49,8/13/2022 13:16:51,0,0,12409669451835,6658942435387,39640400232507,0,1,
B1794528,8/19/2022 23:57:15,8/13/2022 16:56:49,8/19/2022 23:32:23,0,0,12410255835195,6658942435387,39640400068667,0,1,
B1794568,8/18/2022 14:01:40,8/13/2022 17:47:07,8/18/2022 13:40:43,0,0,12410399096891,6849056931899,40344582619195,0,1,
B1794568,8/15/2022 21:44:15,8/13/2022 17:47:07,8/15/2022 21:09:36,0,0,12410399031355,6658942435387,39640400265275,0,1,
B1794640,8/15/2022 15:01:24,8/13/2022 19:17:42,8/15/2022 14:31:58,0,0,12410650001467,6658942435387,39640400166971,0,1,
B1794662,8/13/2022 20:04:06,8/13/2022 19:37:53,8/13/2022 19:37:54,0,0,12410707181627,6658942337083,39640399642683,0,1,
B1794662,8/15/2022 21:44:15,8/13/2022 19:37:53,8/15/2022 21:09:37,0,0,12410707247163,6849056931899,40344582717499,0,1,
B1794662,8/15/2022 15:01:24,8/13/2022 19:37:53,8/15/2022 14:36:57,0,0,12410707181627,6658942337083,39640399642683,0,1,
B1794956,8/16/2022 1:35:00,8/14/2022 1:59:58,8/16/2022 1:04:29,0,0,12411771355195,6849056931899,40344582651963,0,1,
B1794988,8/15/2022 21:44:18,8/14/2022 2:59:46,8/15/2022 21:09:06,0,0,12411907473467,6658942435387,39640400232507,0,1,
B1795012,8/22/2022 16:29:58,8/14/2022 4:08:42,8/22/2022 16:25:05,0,0,12412102344763,6849056931899,40344582651963,0,1,
B1795053,8/16/2022 1:35:01,8/14/2022 11:27:38,8/16/2022 1:07:33,0,0,12413009559611,6658942435387,39640400134203,0,1,
B1795151,8/15/2022 15:38:21,8/14/2022 15:05:31,8/15/2022 15:02:00,0,0,12413508059195,6658942435387,39640400101435,0,1,
B1795338,8/16/2022 21:36:35,8/14/2022 19:13:19,8/16/2022 21:00:31,0,0,12414149886011,6658942435387,39640400101435,0,1,
B1795360,8/14/2022 20:04:41,8/14/2022 19:29:20,8/14/2022 19:29:30,0,0,12414195793979,6658942402619,39640399872059,0,1,
B1795423,8/20/2022 11:59:03,8/14/2022 20:24:31,8/20/2022 11:35:40,0,0,12414349639739,6658942435387,39640400068667,0,2,
B1795434,8/18/2022 14:01:40,8/14/2022 20:36:36,8/18/2022 13:30:45,0,0,12414386438203,6849056931899,40344582619195,0,1,
B1795537,8/15/2022 21:07:45,8/14/2022 22:52:28,8/15/2022 20:41:55,0,0,12414758486075,6658942435387,39640400134203,0,1,
B1795544,8/16/2022 22:01:52,8/14/2022 23:00:33,8/16/2022 21:36:37,0,0,12414777557051,6658942402619,39640399937595,0,1,
B1795544,8/15/2022 21:07:45,8/14/2022 23:00:33,8/15/2022 20:36:59,0,0,12414777491515,6849056931899,40344582717499,0,1,
B1795571,8/23/2022 11:36:15,8/14/2022 23:43:19,8/23/2022 11:00:00,0,0,12414902501435,6658942402619,39640399937595,0,1,
B1795571,8/15/2022 0:04:43,8/14/2022 23:43:19,8/14/2022 23:43:21,0,0,12414902501435,6658942402619,39640399937595,0,1,
B1795616,8/22/2022 22:10:06,8/15/2022 0:42:51,8/22/2022 21:40:13,0,0,12415073026107,6658942337083,39640399609915,0,1,
B1795616,8/15/2022 1:04:44,8/15/2022 0:42:51,8/15/2022 0:43:00,0,0,12415072960571,6658942435387,39640400265275,0,1,
B1795616,8/16/2022 22:39:59,8/15/2022 0:42:51,8/16/2022 21:56:32,0,0,12415072960571,6658942435387,39640400265275,0,1,
B1795698,8/15/2022 2:35:11,8/15/2022 2:23:40,8/15/2022 2:23:43,0,0,12415372066875,6658942435387,39640400265275,0,1,
B1795737,8/17/2022 10:37:25,8/15/2022 3:15:18,8/17/2022 10:06:16,0,0,12415535513659,6658942435387,39640400101435,0,1,
B1795746,8/15/2022 21:07:45,8/15/2022 3:33:18,8/15/2022 20:36:57,0,0,12415588040763,6658942435387,39640400134203,0,1,
B1795789,8/16/2022 21:36:36,8/15/2022 5:38:00,8/16/2022 21:00:32,0,0,12416407961659,6849056931899,40344582717499,0,1,
B1795795,8/15/2022 6:28:44,8/15/2022 6:16:50,8/15/2022 6:16:52,0,0,12416467599419,6658942435387,39640400232507,0,1,
B1795952,8/16/2022 12:09:15,8/15/2022 15:29:09,8/16/2022 11:42:02,0,0,12417784152123,6658942435387,39640400101435,0,1,
B1795987,8/19/2022 9:08:52,8/15/2022 16:08:27,8/19/2022 8:50:40,0,0,12417898938427,6658942435387,39640400265275,0,1,
B1795988,8/15/2022 16:39:32,8/15/2022 16:08:38,8/15/2022 16:08:44,0,0,12417899528251,5020258238523,34153398239291,298,1,298
B1795991,8/16/2022 12:09:15,8/15/2022 16:10:26,8/16/2022 11:51:53,0,0,12417903657019,6658942337083,39640399609915,0,1,
B1796040,8/18/2022 22:02:08,8/15/2022 17:08:25,8/18/2022 21:44:20,0,0,12418066841659,5502697345,17979736577,58,2,116
B1796057,8/19/2022 11:38:24,8/15/2022 17:24:35,8/19/2022 11:09:56,0,0,12418126807099,1719150608443,16355560390715,758,1,758
B1796063,8/16/2022 13:00:41,8/15/2022 17:35:11,8/16/2022 12:36:57,0,0,12418170355771,6849056931899,40344582717499,0,1,
B1796066,8/15/2022 18:05:10,8/15/2022 17:39:11,8/15/2022 17:41:12,0,0,12418182578235,5020258238523,34153398239291,298,1,298
B1796082,8/30/2022 9:29:19,8/15/2022 17:51:56,8/30/2022 9:21:50,0,30,12418223800379,6910729224251,40538101743675,458,1,458
B1796099,8/15/2022 18:29:50,8/15/2022 18:04:40,8/15/2022 18:04:41,0,0,12418269478971,6658942402619,39640399970363,0,1,
B1796126,8/16/2022 2:35:50,8/15/2022 18:30:36,8/16/2022 2:06:49,0,0,12418351169595,4965820956731,33909325627451,48,2,96
B1796126,8/15/2022 19:06:37,8/15/2022 18:30:36,8/15/2022 18:30:38,0,0,12418351202363,5502700865,17979725057,48,2,96
B1796179,8/15/2022 19:31:04,8/15/2022 19:22:51,8/15/2022 19:22:53,0,0,12418515664955,6658942435387,39640400232507,0,1,
B1796225,8/17/2022 4:33:57,8/15/2022 20:35:16,8/17/2022 4:00:40,0,0,12418725085243,5502697345,17979736321,68,1,68
B1796266,8/17/2022 13:08:13,8/15/2022 21:28:50,8/17/2022 12:33:14,0,0,12418893414459,6658942435387,39640400101435,0,1,
B1796432,8/17/2022 0:58:35,8/16/2022 1:27:55,8/17/2022 0:49:50,0,0,12419508731963,6849056931899,40344582619195,0,1,
B1796432,8/18/2022 19:30:31,8/16/2022 1:27:55,8/18/2022 19:18:09,0,0,12419508731963,6849056931899,40344582619195,0,1,
B1796491,8/20/2022 21:37:08,8/16/2022 3:13:24,8/20/2022 21:24:40,0,0,12419842048059,6658942402619,39640400003131,0,1,
B1796604,8/22/2022 16:03:42,8/16/2022 13:10:55,8/22/2022 15:29:16,0,0,12421658542139,6849056931899,40344582651963,0,1,
B1796614,8/19/2022 18:09:32,8/16/2022 13:22:59,8/19/2022 17:34:17,0,0,12421688524859,6849056931899,40344582619195,0,1,
B1796625,8/22/2022 11:03:19,8/16/2022 13:30:06,8/22/2022 10:45:58,0,0,12421708644411,6552426250299,39304849555515,378,1,378
B1796677,8/18/2022 20:08:30,8/16/2022 14:23:39,8/18/2022 19:55:01,0,0,12421853216827,5502688577,32624836313147,22,1,22
B1796735,8/17/2022 1:11:12,8/16/2022 15:30:01,8/17/2022 0:35:21,0,0,12422056443963,10552406541,41280198669,238,1,238
B1796747,8/16/2022 16:02:02,8/16/2022 15:36:36,8/16/2022 15:36:38,0,0,12422073778235,10552406541,41280198861,258,1,258
B1796750,8/16/2022 16:02:02,8/16/2022 15:38:09,8/16/2022 15:38:11,0,0,12422077448251,10552406541,41280198861,258,1,258
B1796759,8/17/2022 1:11:12,8/16/2022 15:42:46,8/17/2022 0:36:13,0,0,12422090588219,10552406541,41280198861,258,1,258
B1796762,8/17/2022 6:39:42,8/16/2022 15:44:30,8/17/2022 5:59:22,0,0,12422095175739,10552406541,41280198861,258,1,258
B1796782,8/16/2022 17:33:24,8/16/2022 16:06:44,8/16/2022 17:06:51,0,0,12422157762619,10552406541,34394659586107,258,1,258
B1796782,8/16/2022 21:36:42,8/16/2022 16:06:44,8/16/2022 21:00:46,0,0,12422157762619,10552406541,34394659586107,258,1,258
B1796788,8/18/2022 12:59:04,8/16/2022 16:12:31,8/18/2022 12:47:46,0,0,12422174113851,6658942435387,39640400101435,0,1,
B1796788,8/16/2022 16:42:05,8/16/2022 16:12:31,8/16/2022 16:12:32,0,0,12422174081083,6658942435387,39640400232507,0,1,
B1796788,8/17/2022 7:29:45,8/16/2022 16:12:31,8/17/2022 7:07:16,0,0,12422174048315,6658942435387,39640400068667,0,1,
B1796848,8/17/2022 1:11:13,8/16/2022 17:36:23,8/17/2022 0:40:29,0,0,12422414565435,6658942435387,39640400101435,0,1,
B1796910,8/16/2022 19:03:03,8/16/2022 18:54:24,8/16/2022 18:54:33,0,0,12422644006971,6658942435387,39640400134203,0,1,
B1796916,8/18/2022 12:34:07,8/16/2022 19:04:44,8/18/2022 12:13:06,0,0,12422673268795,6658942337083,39640399609915,0,1,
B1796916,8/17/2022 12:05:17,8/16/2022 19:04:44,8/17/2022 11:26:49,0,0,12422672973883,6658942435387,39640400068667,0,1,
B1796927,8/17/2022 13:08:13,8/16/2022 19:14:38,8/17/2022 12:36:53,0,0,12422700171323,6658942402619,39640399872059,0,1,
B1796928,8/19/2022 12:03:23,8/16/2022 19:16:04,8/19/2022 11:53:31,0,0,12422705315899,5502687553,32623128739899,48,1,48
B1796967,8/18/2022 9:03:02,8/16/2022 20:04:04,8/18/2022 8:39:49,0,0,12422864994363,1433677430843,30118155780155,278,1,278
B1797022,8/24/2022 20:33:19,8/16/2022 21:10:46,8/24/2022 20:11:22,0,0,12423074676795,6901790310459,40506910212155,49,1,49
B1797034,8/17/2022 12:30:30,8/16/2022 21:26:03,8/17/2022 12:21:53,0,0,12423117701179,6658942402619,39640399937595,0,1,
B1797046,8/20/2022 10:32:20,8/16/2022 21:39:23,8/20/2022 10:08:24,0,0,12423156662331,6658942337083,39640399675451,0,1,
B1797201,8/17/2022 21:35:56,8/17/2022 1:51:05,8/17/2022 21:00:25,0,0,12423840071739,6658942435387,39640400101435,0,1,
B1797230,8/17/2022 3:05:24,8/17/2022 2:51:32,8/17/2022 2:51:34,0,0,12424000077883,6658942435387,39640400101435,0,1,
B1797243,8/18/2022 1:08:35,8/17/2022 3:10:56,8/18/2022 0:38:43,0,0,12424068431931,6849056931899,40344582619195,0,1,
B1797243,8/18/2022 18:01:47,8/17/2022 3:10:56,8/18/2022 17:37:50,0,0,12424068497467,6658942435387,39640400134203,0,1,
B1797276,8/17/2022 4:59:13,8/17/2022 4:45:13,8/17/2022 4:45:15,0,0,12424819802171,6658942435387,39640400166971,0,1,
B1797279,8/17/2022 4:59:13,8/17/2022 4:54:32,8/17/2022 4:54:42,0,0,12424837431355,6658942435387,39640400265275,0,1,
B1797380,8/17/2022 21:35:57,8/17/2022 14:16:42,8/17/2022 21:00:25,0,0,12426050371643,6849056931899,40344582619195,0,1,
B1797381,8/18/2022 1:08:36,8/17/2022 14:17:21,8/18/2022 0:47:19,0,0,12426052304955,8375779329,32385578827835,158,1,158
B1797381,8/17/2022 21:35:57,8/17/2022 14:17:21,8/17/2022 21:00:25,0,0,12426052304955,8375779329,32385578827835,158,1,158
B1797384,8/17/2022 21:35:57,8/17/2022 14:20:47,8/17/2022 21:00:16,0,0,12426063118395,2334784618555,33971265634363,198,4,792
B1797385,8/17/2022 20:33:02,8/17/2022 14:20:47,8/17/2022 20:22:31,0,0,12426063216699,5020258238523,34153398239291,298,1,298
B1797393,8/19/2022 16:04:15,8/17/2022 14:37:11,8/19/2022 15:30:13,0,0,12426107977787,5502687553,32623128739899,48,2,96
B1797461,8/22/2022 19:59:47,8/17/2022 16:15:23,8/22/2022 19:34:55,0,0,12426398957627,6658942402619,39640399937595,0,1,
B1797485,8/18/2022 1:08:37,8/17/2022 16:36:44,8/18/2022 0:32:24,0,0,12426462822459,5020258238523,34153398206523,278,1,278
B1797531,8/17/2022 18:39:01,8/17/2022 17:17:12,8/17/2022 18:21:59,0,0,12426597400635,6658942435387,39640400232507,0,1,
B1797600,8/18/2022 19:30:31,8/17/2022 18:22:11,8/18/2022 18:59:28,0,0,12426790567995,6658942435387,39640400134203,0,1,
B1797677,8/17/2022 19:30:17,8/17/2022 19:23:39,8/17/2022 19:23:49,0,0,12426959126587,6658942435387,39640400068667,0,1,
B1797755,8/18/2022 21:37:06,8/17/2022 20:38:16,8/18/2022 21:00:08,0,0,12427157372987,5020258238523,34153399255099,278,1,278
B1797797,8/23/2022 23:03:13,8/17/2022 21:21:55,8/23/2022 22:32:52,0,0,12427268128827,6658942402619,39640400003131,0,1,
B1797858,8/22/2022 14:58:27,8/17/2022 22:33:23,8/22/2022 14:26:42,0,0,12427455889467,6849056931899,40344582750267,0,1,
B1797983,8/19/2022 13:07:20,8/18/2022 1:39:30,8/19/2022 12:55:58,0,0,12427969069115,6658942435387,39640400134203,0,1,
B1797983,8/18/2022 1:59:28,8/18/2022 1:39:30,8/18/2022 1:39:37,0,0,12427969069115,6658942435387,39640400134203,0,1,
B1798001,8/23/2022 16:40:58,8/18/2022 2:00:35,8/23/2022 16:17:35,0,0,12428028084283,4334896676923,31098870071355,388,1,388
B1798036,8/18/2022 12:34:08,8/18/2022 2:40:38,8/18/2022 12:01:49,0,0,12428135596091,6658942402619,39640399937595,0,1,
B1798036,8/25/2022 12:02:06,8/18/2022 2:40:38,8/25/2022 11:27:05,0,0,12428135661627,6658942402619,39640399970363,0,1,
B1798131,8/18/2022 10:29:35,8/18/2022 10:23:23,8/18/2022 10:23:24,0,0,12429535019067,6658942402619,39640400003131,0,1,
B1798141,8/20/2022 10:57:23,8/18/2022 11:23:43,8/20/2022 10:40:12,0,0,12429699416123,6658942402619,40628438859835,0,1,
B1798141,8/18/2022 21:37:10,8/18/2022 11:23:43,8/18/2022 21:00:23,0,0,12429699383355,6849056931899,40344582619195,0,1,
B1798202,8/18/2022 16:33:17,8/18/2022 14:13:55,8/18/2022 16:16:54,0,0,12430156529723,6658942402619,39640400003131,0,1,
B1798239,8/18/2022 15:04:42,8/18/2022 14:52:35,8/18/2022 14:52:42,0,0,12430262272059,10667243405,13370474594363,148,1,148
B1798347,8/18/2022 19:30:31,8/18/2022 17:15:20,8/18/2022 19:01:55,0,0,12430931394619,4633522208827,32646579912763,38,2,76
B1798397,8/23/2022 9:39:41,8/18/2022 18:15:19,8/23/2022 8:57:51,0,0,12431091138619,6664156151867,39658218750011,308,1,308
B1798486,8/19/2022 21:29:22,8/18/2022 20:13:37,8/19/2022 21:00:19,0,0,12431401353275,2289536335931,21203484573755,358,1,358
B1798502,8/18/2022 20:59:06,8/18/2022 20:28:35,8/18/2022 20:28:36,0,0,12431446114363,6658942402619,39640400003131,0,1,
B1798534,8/25/2022 18:00:27,8/18/2022 21:12:29,8/25/2022 17:46:42,0,0,12431560507451,6658942337083,39640399609915,0,1,
B1798556,8/20/2022 10:57:23,8/18/2022 21:44:46,8/20/2022 10:32:40,0,0,12431656681531,4965820956731,33909325627451,48,3,144
B1798572,8/20/2022 10:57:23,8/18/2022 22:24:14,8/20/2022 10:32:40,0,0,12431763406907,5502697345,16865337409,58,1,58
B1798665,8/26/2022 11:34:27,8/19/2022 1:47:48,8/26/2022 10:57:14,0,0,12432348774459,6658942435387,39640400265275,0,1,
B1798671,8/19/2022 2:29:25,8/19/2022 1:59:07,8/19/2022 1:59:09,0,0,12432384065595,6849056931899,40344582750267,0,1,
B1798671,8/23/2022 8:34:47,8/19/2022 1:59:07,8/23/2022 8:02:10,0,0,12432384065595,6849056931899,40344582750267,0,1,
B1798671,8/23/2022 16:40:59,8/19/2022 1:59:07,8/23/2022 16:22:54,0,0,12432384098363,6658942337083,39640399609915,0,1,
B1798672,8/23/2022 17:07:19,8/19/2022 1:59:49,8/23/2022 16:49:04,0,0,12432385736763,6658942435387,39640400232507,0,1,
B1798681,8/19/2022 21:29:24,8/19/2022 2:18:15,8/19/2022 21:00:19,0,0,12432432496699,6658942435387,40628430766139,0,1,
B1798721,8/19/2022 12:30:06,8/19/2022 3:32:12,8/19/2022 12:06:54,0,0,12432625631291,6658942435387,39640400134203,0,1,
B1798721,8/20/2022 12:59:38,8/19/2022 3:32:12,8/20/2022 12:42:30,0,0,12432625696827,6658942435387,39640400166971,0,1,
B1798721,8/23/2022 11:36:15,8/19/2022 3:32:12,8/23/2022 10:59:13,0,0,12432625729595,6658942435387,39640400101435,0,1,
B1798744,8/25/2022 11:36:07,8/19/2022 4:36:16,8/25/2022 11:20:06,0,0,12433406754875,6658942337083,39640399740987,0,1,
B1798753,8/20/2022 17:02:04,8/19/2022 5:35:04,8/20/2022 16:52:57,0,0,12433504010299,6658942435387,39640400101435,0,1,
B1798813,8/23/2022 14:01:26,8/19/2022 12:57:32,8/23/2022 13:44:59,0,0,12434528927803,6849056931899,40344582651963,0,1,
B1798835,8/19/2022 13:58:12,8/19/2022 13:47:10,8/19/2022 13:47:12,0,0,12434663374907,6849056931899,40344582717499,0,1,
B1798836,8/20/2022 4:28:00,8/19/2022 13:49:35,8/20/2022 4:05:57,0,0,12434670321723,6658942435387,39640400134203,0,1,
B1798873,8/19/2022 17:07:00,8/19/2022 15:12:32,8/19/2022 16:46:53,0,0,12434913165371,10552406541,41280198669,238,1,238
B1798873,8/22/2022 13:00:40,8/19/2022 15:12:32,8/22/2022 12:43:12,0,0,12434913067067,5502697345,16865337409,58,1,58
B1798905,8/22/2022 19:07:17,8/19/2022 15:57:11,8/22/2022 18:27:40,0,0,12435048136763,6849056931899,40344582750267,0,1,
B1798932,8/24/2022 11:03:28,8/19/2022 16:37:36,8/24/2022 10:28:29,0,0,12435176390715,5098744447035,39824665509947,308,1,308
B1799094,8/19/2022 20:39:38,8/19/2022 20:20:19,8/19/2022 20:20:21,0,0,12435848757307,6658942435387,40628430766139,0,1,
B1799094,8/23/2022 9:39:41,8/19/2022 20:20:19,8/23/2022 9:09:59,0,0,12435848724539,6658942435387,39640400068667,0,1,
B1799227,8/21/2022 14:30:29,8/20/2022 0:18:31,8/21/2022 14:06:58,0,0,12436515815483,6658942435387,39640400232507,0,1,
B1799276,8/21/2022 21:33:15,8/20/2022 1:57:06,8/21/2022 21:00:20,0,0,12436813611067,6658942402619,39640400003131,0,1,
B1799288,8/20/2022 3:02:48,8/20/2022 2:34:22,8/20/2022 2:34:25,0,0,12436953104443,6658942435387,39640400232507,0,1,
B1799345,8/23/2022 21:44:11,8/20/2022 5:33:28,8/23/2022 21:13:19,0,0,12437344026683,6658942402619,39640399872059,0,1,
B1799345,8/21/2022 18:58:40,8/20/2022 5:33:28,8/21/2022 18:31:53,0,0,12437344059451,6658942435387,39640400134203,0,1,
B1799435,8/27/2022 3:35:59,8/20/2022 14:20:03,8/27/2022 3:24:57,0,0,12438527475771,6849056931899,40344582750267,0,1,
B1799472,8/21/2022 16:00:05,8/20/2022 15:13:02,8/21/2022 15:46:53,0,0,12438668312635,6849056931899,40344582783035,0,1,
B1799472,8/22/2022 21:30:55,8/20/2022 15:13:02,8/22/2022 21:08:07,0,0,12438668312635,6849056931899,40344582783035,0,1,
B1799472,8/25/2022 8:08:29,8/20/2022 15:13:02,8/25/2022 7:52:47,0,0,12438668214331,6658942402619,39640399937595,0,1,
B1799537,8/25/2022 11:10:08,8/20/2022 16:18:22,8/25/2022 10:55:47,0,0,12438852599867,6658942435387,40628430766139,0,1,
B1799694,8/24/2022 20:06:40,8/20/2022 19:14:47,8/24/2022 19:52:50,0,0,12439357587515,6658942337083,39640399675451,0,1,
B1799749,8/20/2022 20:34:57,8/20/2022 20:10:16,8/20/2022 20:10:17,0,0,12439510908987,6658942435387,39640400265275,0,1,
B1799826,8/21/2022 16:00:05,8/20/2022 21:14:45,8/21/2022 15:41:58,0,0,12439688871995,6658942435387,39640400101435,0,1,
B1799852,8/20/2022 22:01:49,8/20/2022 21:39:38,8/20/2022 21:39:39,0,0,12439754211387,6849056931899,40344582717499,0,1,
B1799852,8/20/2022 22:01:49,8/20/2022 21:39:38,8/20/2022 21:39:39,0,0,12439754342459,6658942402619,39640400003131,0,1,
B1799894,8/20/2022 22:27:25,8/20/2022 22:24:58,8/20/2022 22:25:00,0,0,12439866474555,6658942435387,40628430766139,0,1,
B1799894,8/21/2022 16:00:05,8/20/2022 22:24:58,8/21/2022 15:36:52,0,0,12439866441787,6658942435387,39640400232507,0,1,
B1799897,8/26/2022 13:06:39,8/20/2022 22:29:46,8/26/2022 12:30:44,0,0,12439881547835,6658942402619,40628436303931,0,1,
B1799956,8/21/2022 0:09:37,8/20/2022 23:48:12,8/20/2022 23:48:13,0,0,12440096309307,6658942402619,40628436303931,0,1,
B1800057,8/26/2022 23:05:44,8/21/2022 2:28:53,8/26/2022 22:55:56,0,0,12440513052731,6658942402619,39640400003131,0,1,
B1800057,8/26/2022 23:05:44,8/21/2022 2:28:53,8/26/2022 22:55:56,0,0,12440513019963,6658942435387,39640400166971,0,1,
B1800145,8/21/2022 11:05:31,8/21/2022 10:53:34,8/21/2022 10:53:35,0,0,12441597771835,6849056931899,40344582619195,0,1,
B1800153,8/24/2022 12:08:37,8/21/2022 11:23:04,8/24/2022 11:38:26,0,0,12441666388027,6658942402619,39640399970363,0,1,
B1800162,9/15/2022 9:38:06,8/21/2022 11:37:21,9/15/2022 8:58:41,0,0,12441698992187,6658942402619,40628436303931,0,1,
B1800217,8/29/2022 13:02:10,8/21/2022 13:56:15,8/29/2022 12:32:35,0,0,12442022019131,6658942435387,40628430766139,0,1,
B1800272,8/22/2022 21:31:00,8/21/2022 15:04:15,8/22/2022 21:01:14,0,0,12442184384571,6658942435387,39640400166971,0,1,
B1800366,8/21/2022 17:03:47,8/21/2022 16:49:39,8/21/2022 16:49:41,0,0,12442433978427,6658942435387,39640400265275,0,1,
B1800509,8/23/2022 9:00:53,8/21/2022 19:17:14,8/23/2022 8:50:27,0,0,12442850328635,6658942435387,39640400232507,0,1,
B1800571,8/24/2022 13:27:41,8/21/2022 20:28:35,8/24/2022 13:13:40,0,0,12443037597755,6658942402619,40628436303931,0,1,
B1800571,8/22/2022 17:35:30,8/21/2022 20:28:35,8/22/2022 16:56:53,0,0,12443037532219,6658942402619,39640399970363,0,1,
B1800604,8/30/2022 22:29:26,8/21/2022 20:55:46,8/30/2022 22:03:25,0,0,12443115454523,6658942435387,39640400101435,0,1,
B1800722,8/22/2022 18:27:59,8/21/2022 23:06:49,8/22/2022 18:07:46,0,0,12443450638395,6658942402619,39640399937595,0,1,
B1800905,8/31/2022 9:59:31,8/22/2022 2:55:22,8/31/2022 9:34:51,0,0,12444126085179,6658942435387,39640400166971,0,1,
B1800922,8/23/2022 9:39:42,8/22/2022 3:33:49,8/23/2022 9:08:14,0,0,12444238643259,6658942402619,40628436303931,0,1,
B1800935,8/23/2022 13:34:34,8/22/2022 4:08:17,8/23/2022 13:17:07,0,0,12444459073595,6849056931899,40344582750267,0,1,
B1800935,8/29/2022 12:29:51,8/22/2022 4:08:17,8/29/2022 12:05:01,0,0,12444459040827,6658942435387,39640400101435,0,1,
B1800949,8/29/2022 16:03:36,8/22/2022 4:57:33,8/29/2022 15:48:53,0,0,12445022289979,6658942402619,39640399970363,0,1,
B1800999,8/22/2022 11:29:32,8/22/2022 11:16:24,8/22/2022 11:16:26,0,0,12445744595003,6658942435387,39640400265275,0,1,
B1801055,8/24/2022 2:07:22,8/22/2022 13:36:28,8/24/2022 1:45:49,0,0,12446119624763,6957717249,21948915713,68,1,68
B1801064,8/22/2022 14:05:48,8/22/2022 13:46:43,8/22/2022 13:46:44,0,0,12446145151035,6849056931899,40344582651963,0,1,
B1801105,8/23/2022 2:05:27,8/22/2022 14:42:25,8/23/2022 1:51:50,0,0,12446302732347,6658942337083,39640399642683,0,1,
B1801246,8/24/2022 2:07:22,8/22/2022 17:09:00,8/24/2022 1:39:11,0,0,12446748409915,5020258238523,34153398239291,298,1,298
B1801248,8/22/2022 19:07:18,8/22/2022 17:11:45,8/22/2022 18:40:28,0,0,12446757421115,1489352491067,33307914108987,2600,1,2600
B1801339,8/23/2022 12:02:25,8/22/2022 18:27:49,8/23/2022 11:36:59,0,0,12447012388923,4331055251515,39300729929787,568,1,568
B1801414,8/23/2022 12:28:43,8/22/2022 19:40:26,8/23/2022 12:22:34,0,0,12447227969595,6658942402619,39640399872059,0,1,
B1801437,8/25/2022 2:29:57,8/22/2022 20:01:39,8/25/2022 2:16:20,0,0,12447280693307,6658942435387,39640400068667,0,1,
B1801444,8/26/2022 11:34:27,8/22/2022 20:08:56,8/26/2022 11:19:49,0,0,12447298879547,6934656417851,40628551548987,498,1,498
B1801444,8/29/2022 21:38:01,8/22/2022 20:08:56,8/29/2022 21:00:13,0,0,12447298814011,6934656417851,40628551483451,498,1,498
B1801448,8/24/2022 17:00:52,8/22/2022 20:11:13,8/24/2022 16:52:13,0,0,12447305564219,6934656417851,40628551516219,498,1,498
B1801450,8/23/2022 4:02:11,8/22/2022 20:12:07,8/23/2022 3:31:48,0,0,12447308578875,6934656417851,40628551548987,498,1,498
B1801483,8/24/2022 1:27:06,8/22/2022 20:57:56,8/24/2022 1:11:24,0,0,12447423660091,2289536335931,21203484573755,358,1,358
B1801505,8/23/2022 14:01:27,8/22/2022 21:38:50,8/23/2022 13:27:10,0,0,12447536578619,6658942435387,39640400265275,0,1,
B1801518,8/30/2022 12:29:21,8/22/2022 21:54:27,8/30/2022 12:01:43,0,0,12447575572539,6658942435387,39640400068667,0,1,
B1801574,8/23/2022 14:01:27,8/22/2022 23:00:18,8/23/2022 13:32:10,0,0,12447761432635,6658942435387,39640400265275,0,1,
B1801746,8/25/2022 22:00:33,8/23/2022 2:45:07,8/25/2022 21:54:59,0,0,12448461684795,6849056931899,40344582619195,0,1,
B1801868,8/25/2022 14:40:45,8/23/2022 13:13:42,8/25/2022 14:06:27,0,0,12450570403899,6538539401275,39257329827899,398,1,398
B1801868,8/23/2022 13:34:35,8/23/2022 13:13:42,8/23/2022 13:13:51,0,0,12450570403899,6538539401275,39257329827899,398,1,398
B1801887,8/23/2022 21:44:20,8/23/2022 13:34:16,8/23/2022 21:01:07,0,0,12450616213563,4334896676923,31098870071355,388,1,388
B1801921,8/25/2022 16:40:33,8/23/2022 14:11:05,8/25/2022 16:20:26,0,0,12450715893819,10552406541,41280198733,238,1,238
B1801926,8/26/2022 13:06:39,8/23/2022 14:13:28,8/26/2022 12:39:50,0,0,12450720972859,10552406541,41280198733,238,1,238
B1801936,8/23/2022 18:39:59,8/23/2022 14:17:24,8/23/2022 18:11:55,0,0,12450734473275,6916471357499,40563738607675,329,1,329
B1801938,8/23/2022 21:44:21,8/23/2022 14:17:37,8/23/2022 21:01:05,0,0,12450735030331,10552406541,41280198925,258,1,258
B1801947,8/26/2022 10:03:16,8/23/2022 14:20:21,8/26/2022 9:30:37,0,0,12450743910459,10552406541,41280198925,258,1,258
B1801947,8/23/2022 17:07:20,8/23/2022 14:20:21,8/23/2022 16:52:00,0,0,12450743910459,10552406541,41280198925,258,1,258
B1801991,8/25/2022 4:28:08,8/23/2022 14:53:43,8/25/2022 4:00:52,0,0,12450882256955,5020258238523,34153398206523,278,1,278
B1802051,8/29/2022 12:29:51,8/23/2022 16:05:00,8/29/2022 12:07:29,0,0,12451146432571,6658942435387,39640400166971,0,1,
B1802073,8/29/2022 19:27:57,8/23/2022 16:29:25,8/29/2022 19:06:51,0,0,12451230711867,6658942435387,40628430766139,0,1,
B1802091,8/23/2022 19:32:58,8/23/2022 16:47:21,8/23/2022 19:01:58,0,0,12451295199291,6294583361,39510924492859,148,1,148
B1802102,8/24/2022 1:40:42,8/23/2022 17:01:33,8/24/2022 0:56:05,0,0,12451348807739,5502700865,17979725633,48,3,144
B1802114,8/26/2022 12:27:27,8/23/2022 17:11:48,8/26/2022 12:12:16,0,0,12451391930427,2334787305531,30249046835259,98,6,588
B1802114,8/23/2022 21:44:22,8/23/2022 17:11:48,8/23/2022 21:01:06,0,0,12451391930427,2334787305531,30249046835259,98,6,588
B1802124,8/26/2022 21:31:56,8/23/2022 17:18:21,8/26/2022 21:16:51,0,0,12451419553851,5069653377083,39668755759163,388,1,388
B1802155,8/23/2022 18:00:14,8/23/2022 17:48:39,8/23/2022 17:48:46,0,0,12451531554875,2334784618555,33971262783547,178,1,178
B1802204,8/27/2022 11:34:12,8/23/2022 18:53:01,8/27/2022 11:11:42,0,0,12451784785979,6658942435387,39640400166971,0,1,
B1802215,8/27/2022 22:35:11,8/23/2022 19:07:07,8/27/2022 22:12:40,0,0,12451832365115,5502697345,17979736321,68,1,68
B1802241,8/23/2022 20:12:32,8/23/2022 19:30:30,8/23/2022 19:30:32,0,0,12451914612795,6658942402619,39640399872059,0,1,
B1802260,8/25/2022 8:08:29,8/23/2022 19:52:41,8/25/2022 7:52:01,0,0,12452006953019,6934656417851,40628551548987,498,1,498
B1802260,8/26/2022 20:11:25,8/23/2022 19:52:41,8/26/2022 19:35:43,0,0,12452006821947,4331148967995,40284512714811,88,2,176
B1802306,8/27/2022 11:07:42,8/23/2022 20:53:54,8/27/2022 10:41:06,0,0,12452260741179,10552406541,34394659586107,258,1,258
B1802306,8/24/2022 13:27:41,8/23/2022 20:53:54,8/24/2022 13:16:54,0,0,12452260741179,10552406541,34394659586107,258,1,258
B1802488,8/24/2022 13:27:42,8/24/2022 1:31:25,8/24/2022 13:16:56,0,0,12453368430651,6658942435387,39640400068667,0,1,
B1802607,8/24/2022 21:39:49,8/24/2022 8:12:21,8/24/2022 21:00:24,0,0,12454664142907,6658942337083,39640399609915,0,1,
B1802642,8/24/2022 13:01:21,8/24/2022 12:52:45,8/24/2022 12:52:47,0,0,12455284572219,6849056931899,40344582619195,0,1,
B1802703,8/24/2022 14:33:32,8/24/2022 14:18:49,8/24/2022 14:19:12,0,0,12455512473659,5505404673,31117422493755,128,1,128
B1802774,8/30/2022 16:29:23,8/24/2022 16:12:28,8/30/2022 15:57:56,0,0,12455837630523,6658942402619,40628438859835,0,1,
B1802826,8/24/2022 21:39:43,8/24/2022 16:54:15,8/24/2022 21:00:23,0,21.6,12455955890235,6849056931899,40344582619195,0,1,
B1802826,8/24/2022 23:11:24,8/24/2022 16:54:15,8/24/2022 22:45:56,0,21.6,12455955857467,6658942402619,40628436303931,0,1,
B1802834,8/24/2022 17:40:29,8/24/2022 16:57:47,8/24/2022 16:57:49,0,0,12455966998587,10552406541,34394659389499,238,1,238
B1802926,8/24/2022 19:00:21,8/24/2022 18:26:24,8/24/2022 18:51:55,0,0,12456220557371,6658942435387,39640400166971,0,1,
B1802941,8/24/2022 19:00:21,8/24/2022 18:41:54,8/24/2022 18:42:03,0,0,12456266137659,8375779329,33242603853,158,2,316
B1802946,8/27/2022 18:38:50,8/24/2022 18:49:21,8/27/2022 18:04:21,0,0,12456287830075,6658942435387,39640400265275,0,1,
B1802946,8/27/2022 18:38:50,8/24/2022 18:49:21,8/27/2022 18:04:21,0,0,12456287862843,6658942402619,39640399937595,0,1,
B1803061,8/29/2022 18:37:46,8/24/2022 21:13:00,8/29/2022 18:27:21,0,0,12456752349243,6849056931899,40344582717499,0,1,
B1803124,8/31/2022 11:59:32,8/24/2022 23:19:54,8/31/2022 11:50:41,0,0,12457105031227,2334784618555,33971265634363,198,2,396
B1803265,8/26/2022 4:09:09,8/25/2022 4:32:52,8/26/2022 3:52:00,0,0,12458406903867,6658942402619,40628438859835,0,1,
B1803265,8/25/2022 5:06:49,8/25/2022 4:32:52,8/25/2022 4:33:03,0,0,12458406969403,6658942402619,39640400003131,0,1,
B1803386,8/26/2022 5:01:10,8/25/2022 14:30:55,8/26/2022 4:43:55,0,0,12459774869563,6658942435387,39640400068667,0,1,
B1803408,9/1/2022 18:28:58,8/25/2022 14:52:39,9/1/2022 18:16:11,0,0,12459828772923,6910729224251,40538101645371,398,1,398
B1803408,8/29/2022 19:27:57,8/25/2022 14:52:39,8/29/2022 19:26:51,0,0,12459828838459,6910729977915,40538103644219,598,1,598
B1803422,8/25/2022 15:33:43,8/25/2022 15:06:09,8/25/2022 15:06:12,0,0,12459865538619,6658942435387,39640400101435,0,1,
B1803422,8/31/2022 12:29:33,8/25/2022 15:06:09,8/31/2022 12:15:56,0,0,12459865538619,6658942435387,39640400101435,0,1,
B1803446,8/27/2022 11:34:12,8/25/2022 15:35:44,8/27/2022 11:10:51,0,0,12459945001019,8375779329,28180410113,158,1,158
B1803446,8/27/2022 11:34:12,8/25/2022 15:35:44,8/27/2022 11:10:51,0,0,12459945033787,6901027995707,40504828067899,175,1,175
B1803450,8/25/2022 21:34:09,8/25/2022 15:40:15,8/25/2022 21:00:07,0,0,12459959320635,5020258238523,40535383375931,278,1,278
B1803470,8/25/2022 18:40:29,8/25/2022 16:04:57,8/25/2022 18:01:54,0,0,12460026888251,2289536335931,21203484573755,358,1,358
B1803550,9/3/2022 18:35:22,8/25/2022 17:37:33,9/3/2022 18:24:48,0,0,12460330188859,6658942435387,39640400166971,0,1,
B1803742,8/25/2022 21:34:10,8/25/2022 21:23:44,8/25/2022 21:23:52,0,0,12460995313723,2289536335931,34394600079419,358,1,358
B1803743,8/30/2022 22:29:26,8/25/2022 21:24:00,8/30/2022 22:16:31,0,0,12460995870779,6658942435387,40628432404539,0,1,
B1803752,8/30/2022 11:29:21,8/25/2022 21:34:58,8/30/2022 11:04:56,0,0,12461026541627,6658942435387,39640400166971,0,1,
B1803752,8/30/2022 22:29:26,8/25/2022 21:34:58,8/30/2022 22:20:38,0,0,12461026541627,6658942435387,39640400166971,0,1,
B1803853,8/27/2022 5:35:59,8/26/2022 0:46:23,8/27/2022 5:09:10,0,0,12461539459131,6658942435387,39640400265275,0,1,
B1803853,8/30/2022 17:59:25,8/26/2022 0:46:23,8/30/2022 17:36:08,0,0,12461539459131,6658942435387,39640400265275,0,1,
B1803858,8/26/2022 12:00:48,8/26/2022 0:49:40,8/26/2022 11:46:56,0,0,12461551845435,6658942435387,39640400134203,0,1,
B1803858,8/26/2022 12:00:48,8/26/2022 0:49:40,8/26/2022 11:46:56,0,0,12461551943739,6658942402619,39640399970363,0,1,
B1803858,8/31/2022 14:07:25,8/26/2022 0:49:40,8/31/2022 13:31:21,0,0,12461551910971,6658942435387,39640400068667,0,1,
B1803925,9/1/2022 19:28:59,8/26/2022 2:49:27,9/1/2022 18:56:18,0,0,12461870481467,6658942435387,39640400068667,0,1,
B1803931,8/27/2022 2:01:44,8/26/2022 2:54:52,8/27/2022 1:41:55,0,0,12461885620283,6658942435387,39640400232507,0,1,
B1803931,8/26/2022 3:04:03,8/26/2022 2:54:52,8/26/2022 2:54:53,0,0,12461885521979,6658942435387,39640400068667,0,1,