web_event_id,loaded_at,cookie_id,customer_id,event_name,event_url,event_properties,timestamp,utm_campaign,utm_source,utm_medium
ajs-d624083a9697c91377ec31f82fc94b92,8/2/2022 22:19:35,434f2cce-f138-4242-ae71-9286efcff5ef,5764329308219,email_sign_up,,,8/2/2022 21:17:16,,,
ajs-6f4daf1fc2d46fc54189236452a63014,8/28/2022 0:19:26,adf612fd-9600-4a19-a3fc-9656c7d44150,5367764942907,email_sign_up,,,8/27/2022 22:36:08,,,
ajs-51170fc6849da343c244311e4acf2e3b,8/16/2022 1:19:27,c32340ff-4b62-43c4-8a67-a7589a5939ed,5783758602299,email_sign_up,,,8/16/2022 0:23:21,,,
ajs-bf671c44f671ec3cf8413b4332d7135e,8/7/2022 17:19:23,a4232782-87fd-49c5-b01f-52dbf8a02772,232510914573,email_sign_up,,,8/7/2022 16:31:16,,,
ajs-530b7105ade25403bf044e61381a1c3d,8/14/2022 16:19:24,d8c89995-07db-47d0-aa44-e5ff24977193,5782255829051,email_sign_up,,,8/14/2022 15:18:30,,,
ajs-169830cf7565ad8f8ec689a699fb4f96,8/21/2022 4:19:25,6a3ce105-039a-48fe-bbd7-9d5c7737c8b3,5693487022139,email_sign_up,,,8/21/2022 3:33:58,,other,QA
ajs-f7fcbc03d414a6a3d695e05f721b9149,8/9/2022 16:19:25,cd532b81-6c67-43d1-ab6b-e922c64cd37f,7011554701,email_sign_up,,,8/9/2022 15:10:14,BLST_EML_2022.08.09_PF_Collect_duvet-inserts-Segment-2-9AM,Iterable,email
ajs-72270e86ab26f463adb41d1da172bcf1,8/10/2022 18:19:23,456f7002-e7d7-4735-88a5-358d0b43e87f,5778298765371,email_sign_up,,,8/10/2022 16:46:03,,,
ajs-b00f2ab3d6f15a9a7b0230b554524b7d,8/5/2022 17:19:27,76098698-ba58-4281-92f2-272fd45bb970,5591080009787,email_sign_up,,,8/5/2022 16:47:15,,,
ajs-fa5065e2127f55fee7bf65c6f84664cd,8/27/2022 22:19:26,802e5fc9-c413-44d4-8b9d-75d7541cf20d,5797222187067,email_sign_up,,,8/27/2022 22:00:40,,,
ajs-b81ce3aad334c7c58f32ba72943809a4,8/4/2022 14:19:25,3a1bd032-bbaa-42a7-afdc-3d59d2ee05ea,5806902149179,email_sign_up,,,8/4/2022 13:18:32,,,
ajs-fb250241b0329cc2c40c0f21bbe77b11,8/5/2022 23:19:11,95e83a07-c144-47de-a595-774759138d83,5693487022139,email_sign_up,,,8/5/2022 22:32:22,,,
ajs-c4cf52ae327d9d05dcb6dc54a56463a2,8/26/2022 16:19:25,2d0eb3e3-b537-4426-92b9-d538e45afc72,3171558031419,email_sign_up,,,8/26/2022 15:42:28,,IGShopping,Social
ajs-3be8c9a7e8fbdd57abf0ac7d6ecfd75e,8/12/2022 21:19:25,ca570401-5239-4df0-8cce-974cccdeb4d7,5780578762811,email_sign_up,,,8/12/2022 20:16:52,,,
ajs-1ffedb887f8727eefb3b0ce1d1698d07,8/10/2022 15:19:25,eb9a7259-3ed8-412e-8ac3-9cd67cd9a3da,5763559686203,email_sign_up,,,8/10/2022 14:28:55,,,
ajs-25b363b93c9dca98fc4ecd5ee0b20b9e,8/29/2022 16:19:24,fedb8308-1a05-4bff-8c31-75e0dde4c7c9,5799164477499,email_sign_up,,,8/29/2022 15:28:21,,,
ajs-9024623acbc6331aa5f046ea6ed039bb,8/21/2022 22:19:25,5335ea29-99eb-4f63-a5ac-1e4f2e0260b4,2650758849,email_sign_up,,,8/21/2022 21:37:20,,,
ajs-eb22b2c7302a4ad4e432a84ce1729341,8/7/2022 16:19:25,07acdc3f-a59e-4822-8fef-b126732ebe6f,5774882570299,email_sign_up,,,8/7/2022 15:55:03,,,
ajs-1ec1a45b9deae49eb16a190313c3d63f,8/8/2022 20:19:25,a59764cb-9e78-40ac-9c57-60777ee26507,5776098426939,email_sign_up,,,8/8/2022 18:48:23,,,
ajs-6c36ccb5d03185e753318c16cfb12348,8/19/2022 20:19:26,4c6d1e87-9e9f-4598-88f0-d4d7ccc72a47,5787294597179,email_sign_up,,,8/19/2022 19:14:33,b|search|brand|core|desktop|exact,bing,cpc
ajs-74c9c7bc2576954e07355f9724d8bf47,8/1/2022 2:19:26,6c8455d3-cae6-4cec-91ff-6e1badffadf9,5767880769595,email_sign_up,,,8/1/2022 1:07:12,,,
ajs-26872a3e71b6fb4590a6d04e87016143,8/1/2022 19:19:26,c3ef9404-3542-4df0-ae8a-6d91b3475f9c,5768664547387,email_sign_up,,,8/1/2022 18:39:46,,,
ajs-91c5bb59d7bbd2d10993a625c8a9f41f,8/4/2022 22:19:25,ee9f94ae-4d43-4bc1-877b-15b9cddb113c,5772181045307,email_sign_up,,,8/4/2022 21:13:59,43737,pepperjam,affiliate
ajs-19935143eca6138196040a030ecc4fc6,8/11/2022 3:19:26,95d4d5b8-c1a0-440c-aa60-779aefdc9389,3349864841275,email_sign_up,,,8/11/2022 2:06:51,,,
ajs-e9354b70e443650ac0a98ef482caf7a6,8/17/2022 3:19:24,d0a2898c-1989-461d-b592-e4642a330ae3,5757342875707,email_sign_up,,,8/17/2022 1:53:56,Boll&Branch_Prospecting_May2022_ContentCollective_Brand,Facebook,Social
ajs-cd80ad92b3ffa333f3429e7b51033b9a,8/15/2022 14:19:10,43dc05fe-5d50-442b-9c7b-4d929b597a3e,5783156228155,email_sign_up,,,8/15/2022 13:58:00,,,
ajs-390da0a162d1b58a738216909345f2f2,8/31/2022 3:19:26,b3e7f324-62ec-4c52-a9bd-6f3d8f3c3842,5803119050811,email_sign_up,,,8/31/2022 1:51:53,,,
ajs-129af175df40228f1dd8bcdf124c75a9,8/9/2022 17:19:27,f17b0167-ed04-489b-9f5c-ae56bd7f7d7a,3748507516987,email_sign_up,,,8/9/2022 17:10:14,,,
ajs-7ce659dc3e0656a00bf489c3e3983d50,8/4/2022 1:19:25,06a5dbd6-fc6c-47b8-a268-31e03e55bcf4,5771113332795,email_sign_up,,,8/4/2022 0:02:37,120661,pepperjam,affiliate
ajs-41f9e6db3273836c2db621c2ce486d9f,8/28/2022 2:19:24,6a7699f8-a128-4f70-af7c-26b7b426a7cd,6835546509,email_sign_up,,,8/28/2022 1:10:08,BLST_EML_2022.08.27_STL_Long_layers-Segment-3-4PM,Iterable,email
ajs-2c83bb79a815dee5c4960a6f673da012,8/10/2022 4:19:23,ccde40da-ace3-4e7c-98a7-7619ac695e70,2656313729,email_sign_up,,,8/10/2022 2:55:14,,,
ajs-e475c83e27da694f746a1c6a9d0ffa0c,8/11/2022 5:19:24,f7463b36-c7b1-4de1-b1eb-8912efda7610,5778819121211,email_sign_up,,,8/11/2022 4:08:12,,,
ajs-c17d8128515a188d7cb2ecdc3366df3a,8/9/2022 18:19:25,3ae1aa7f-3d6e-4f70-b414-536d412406e9,3873500004411,email_sign_up,,,8/9/2022 17:25:32,,,
ajs-02daeb6e2ad0fc1e8cdcba5e96d2a54c,8/3/2022 23:19:38,a01e9637-f829-4fa8-b324-92e35b6e07e0,5771027349563,email_sign_up,,,8/3/2022 22:10:56,b|search|brand|core|desktop|exact,bing,cpc
ajs-ac473e9ff3acc3e5510779dbeb19b438,8/17/2022 15:19:26,f33c68f1-21cc-4b73-ba8f-fbd1588d182a,5785130434619,email_sign_up,,,8/17/2022 14:11:41,,,
ajs-b71d5b676ee8d20b9cb404eed57efa19,8/13/2022 20:19:24,0affb9c4-799a-41e1-b419-64a96ff1dc62,5734419890235,email_sign_up,,,8/13/2022 19:48:49,,,
ajs-0bc4a48870f6eb2b498bf79dd196e82a,8/30/2022 3:19:24,4120c83d-6b1a-4f56-95ce-e664a914299d,4146266177,email_sign_up,,,8/30/2022 1:48:55,,,
ajs-496070fc08aadb1e30640c6b7fade0f1,8/10/2022 20:19:25,07b4be70-ad0f-4985-bc8b-9b0d9e71c5eb,5778434424891,email_sign_up,,,8/10/2022 19:17:25,,,
ajs-48a4ca30f445581ebc6b35b6e3669d3c,8/4/2022 0:19:24,78820598-27cf-418d-ad2e-d357785dbbe4,5771107631163,email_sign_up,,,8/3/2022 23:54:37,g|search|brand|plus|desktop|exact,google,cpc
ajs-50219cfc51afd27ed66d8c736b1deadf,8/7/2022 2:19:24,0319ea43-1043-4b18-9fba-d06d91e6526d,5774388559931,email_sign_up,,,8/7/2022 0:57:51,Boll&Branch_Prospecting_April2022_Broad+Lookalike_Influencer,Facebook,Social
ajs-6d6d1a4d5f068b77050147b0e80bee71,8/26/2022 16:19:25,bc5fbebd-6e4a-407b-86fe-8d65e01dabd4,4172644161,email_sign_up,,,8/26/2022 15:04:43,,,
ajs-a1e61da5701b83837a0274e5a1670d1e,8/16/2022 16:19:25,533e7f3e-ff07-46dc-a5f9-6eaa5e4811c0,5763949035579,email_sign_up,,,8/16/2022 15:08:33,,,
ajs-e4b06ecc364d72d38094a1e270d40750,8/9/2022 19:19:24,fe2dc9e1-c655-41e7-921a-fdabc996a788,5774793048123,email_sign_up,,,8/9/2022 18:24:47,,,
ajs-9af6a6e7c28345c7c6f0231f00d4dcee,8/27/2022 18:19:24,8ceebe4e-a1dc-4e2d-b257-04c6a1ffc2d0,5796979408955,email_sign_up,,,8/27/2022 17:30:18,,,
ajs-e3bf7ddc9ccb5e65b232890b531dc2ca,8/29/2022 11:19:10,b0f205bb-206d-48bf-b2a0-370e9c254892,5693487022139,email_sign_up,,,8/29/2022 10:33:55,,other,QA
ajs-6bcd2282e9f37cfa19078fb719bc2911,8/16/2022 13:19:09,a350b867-68e5-4c99-a881-02e06980b878,5784163254331,email_sign_up,,,8/16/2022 12:32:00,,,
ajs-632b62b80b072488d12b428ee81f2def,8/24/2022 1:19:25,f71dac3b-b016-458b-80a0-9d6e24f7929f,5786974879803,email_sign_up,,,8/24/2022 0:18:05,,,
ajs-832cda834c3b5f843ef4f16adf3a2564,8/24/2022 21:19:25,c995c319-e3ca-4817-b9c8-7af6c784d893,5746239602747,email_sign_up,,,8/24/2022 19:42:29,BLST_EML_2022.08.27_SP_Test-Copy_summer-wednesday-MORE-Leads-B,Iterable,email
ajs-4d9b71d7e4358cb0c085bc5c1e537d4d,8/23/2022 15:19:26,3439b8bc-2791-40aa-973a-525a9e7dc8e1,5791437848635,email_sign_up,,,8/23/2022 14:25:11,,,
ajs-709285c620d35426af7c99fc7a0c374d,8/24/2022 23:19:26,40a2aa75-8844-4dae-8916-36c264d9787c,5708774080571,email_sign_up,,,8/24/2022 22:23:59,,,
ajs-eee44a5ac51a9dfb0ae8ca54f9cdb557,8/3/2022 3:19:26,21660e64-ea36-4d63-81ca-26064d9e68cc,5770200547387,email_sign_up,,,8/3/2022 2:08:08,g|search|brand|core|desktop|exact,google,cpc
ajs-c33ec21f103410a089f854c0c3a9c2cd,8/16/2022 23:19:25,71dc0f7f-8e7b-494d-b3e8-8cd77919a37b,5784632197179,email_sign_up,,,8/16/2022 22:24:27,Boll&Branch_Prospecting_April2022_Broad+Lookalike_Influencer,Facebook,Social
ajs-04f28bae32e14f117801ea87daa36227,8/17/2022 16:19:09,30256e76-b971-4889-95c4-c35d1a9aedde,5785166577723,email_sign_up,,,8/17/2022 14:56:30,,,
ajs-9aa4178423ce328710760b0087899cc7,8/20/2022 23:19:24,a5f48a55-d904-4d97-8dee-9e95c2885335,657869275195,email_sign_up,,,8/20/2022 22:24:06,,,
ajs-f6417592443e7ce4cfa8c82d646b3a1e,8/6/2022 6:19:11,f0b9b141-6dbe-43e4-bc7e-dcf6e6f46917,5773596622907,email_sign_up,,,8/6/2022 4:55:48,g|search|brand|plus|desktop|exact,google,cpc
ajs-a64ac0c636dd160e9ae2e37f28fd16cd,8/29/2022 20:19:24,291f4958-1859-4347-8277-c8d7f571272e,1324323700795,email_sign_up,,,8/29/2022 19:20:21,,,
ajs-c27179f518416c0de7c04a93e850caf5,8/18/2022 4:19:24,1dd6e65c-f163-494f-a8f6-92ff754ab356,5785700139067,email_sign_up,,,8/18/2022 3:22:19,g|shopping|brand|sheets|desktab,google,cpc
ajs-8b90f3808e22702959bf5f0c3b648083,8/23/2022 2:19:25,5734bb8b-2ad4-4035-b27e-febae726efcb,5790870208571,email_sign_up,,,8/23/2022 1:59:36,,,
ajs-696f8d63d3d148aa03faca4084de57b3,8/7/2022 17:19:23,a4deffeb-21c5-411b-a724-401143fc0ce5,5774949253179,email_sign_up,,,8/7/2022 17:09:01,,,
ajs-2cfb2ea70962ff79b4858c5efcca32d2,8/18/2022 3:19:25,2d01aca1-1687-4e7c-8e73-cbc83e0f498a,5693487022139,email_sign_up,,,8/18/2022 1:33:55,,other,QA
ajs-f303c7e22f6246cc5d3a10bcb4bc9d1e,8/7/2022 1:19:25,8d58d24e-9379-4872-aa88-1f651ffbb351,5774373224507,email_sign_up,,,8/7/2022 0:28:52,g|search|brand|core|desktop|exact,google,cpc
ajs-d4aa4269bf19063c31e5933b544e6e87,8/9/2022 15:19:28,eea941a4-fd26-4f3e-bd65-5f83416b583b,5777021501499,email_sign_up,,,8/9/2022 13:47:55,g|search|brand|core|desktop|exact,google,cpc
ajs-2a9742ccd00e393af8097bba7513829b,8/31/2022 17:19:24,c06a540d-1e67-4a6b-9f53-5399b609ee33,5804007227451,email_sign_up,,,8/31/2022 15:51:02,,,
ajs-e58da314aa8671288481431a47b143c2,8/6/2022 23:19:23,94547e3f-17d7-4538-af9a-75e3cc0c94b3,5723576074299,email_sign_up,,,8/6/2022 21:45:56,,,
ajs-67c99e13229c7b5cb7b24c9a647a5918,8/6/2022 21:19:40,6f192f22-c908-4a35-9bf0-273dc853ab14,3440598089787,email_sign_up,,,8/6/2022 19:39:12,g|search|brand|rlsa|core|desktop|exact,google,cpc
ajs-c8e4098d2964fb3ac9c23e1ec1a3b7ab,8/18/2022 20:19:24,8dd61c7c-e809-45b4-ad20-552921c8d321,5340935192635,email_sign_up,,,8/18/2022 19:46:36,,IGShopping,Social
ajs-e4ef22a1f50fe709a2671fef05ed9b11,8/27/2022 4:19:25,c3bbf1c3-43bc-438e-91cc-f3fb089b68ea,5796308746299,email_sign_up,,,8/27/2022 3:13:09,,,
ajs-ddfb60139da4fa7838e87f80480e1b00,8/30/2022 17:19:08,abb3c3c4-2422-4db7-95a9-9bb07985e034,5579602755643,email_sign_up,,,8/30/2022 16:23:18,BLST_EML_2022.08.29_NPL_Long_reserve-relaunch-Leads-4,Iterable,email
ajs-11e619a22a555694d1cfcdbfc59f3d0d,8/18/2022 0:19:25,e9250f11-9c85-4b96-99d9-093e46617d48,5785550323771,email_sign_up,,,8/17/2022 23:31:18,,,
ajs-447fe53d6286f2b8d87fb941a9733db8,8/28/2022 17:19:25,44678ec7-49a8-478a-95bc-5a4f9121fe1c,5787406827579,email_sign_up,,,8/28/2022 16:46:32,,,
ajs-4cb630dec862153566e772f28f7bba8d,8/10/2022 0:38:32,8fe3d789-3ccc-4e9d-a7aa-4f5518f05842,5777528422459,email_sign_up,,,8/9/2022 22:40:31,,,
ajs-78fec992333cd22ad3e2dfd5b6a79fdd,8/3/2022 16:19:25,a2a0762c-7d71-4e1b-b89e-9cee7b40bf53,5770648289339,email_sign_up,,,8/3/2022 15:01:22,g|search|brand|core|desktop|exact,google,cpc
ajs-4901cc0d37d15dc5d3970c6db9f43126,8/8/2022 0:19:27,b280ba34-8ddb-4f26-b740-730ff6a2e6e7,5775272345659,email_sign_up,,,8/7/2022 23:34:35,g|search|brand|core|desktop|exact,google,cpc
ajs-e139191ad7e7756029bdd105019a3d23,8/6/2022 16:19:24,55271b41-bebb-4861-9c9d-14d4b46ca45c,5773887701051,email_sign_up,,,8/6/2022 14:34:50,,IGShopping,Social
ajs-afecdbd09d1f485580f2d99c190c41c7,8/26/2022 15:19:24,3de1ee12-9479-49b3-aaf5-9387bb4cf7bc,5741628489787,email_sign_up,,,8/26/2022 14:20:55,,,
ajs-662d441b38b08d77b6b501f055f87b0d,8/15/2022 17:19:26,370c6e2f-515b-4105-8527-c7c65e345c58,5774420475963,email_sign_up,,,8/15/2022 16:09:49,,,
ajs-2b9081cf6d991f330b69835208c8d37e,8/28/2022 18:19:28,d43aea89-d164-4a9a-b1fd-7e0fd3a865cd,273291771917,email_sign_up,,,8/28/2022 17:48:59,,,
ajs-de52542d155d09786bb621fbe66a281c,8/6/2022 15:19:27,f5552a1d-695c-4a7d-a033-87b43eaa41b4,5773497368635,email_sign_up,,,8/6/2022 13:41:18,,,
ajs-358eb63abaa38b44f34f5a1d4c5e30bf,8/24/2022 23:19:26,a9c5dff8-21c9-4f1d-b150-1c57d47d3929,5751487889467,email_sign_up,,,8/24/2022 22:35:50,,,
ajs-bd6a744ecba3e524b6288305a4669fbd,8/10/2022 16:19:11,da837b5b-84e4-44e8-8242-0ec3985b94bf,5778217730107,email_sign_up,,,8/10/2022 15:22:44,g|search|brand|plus|desktop|exact,google,cpc
ajs-6867fe3ca9c7cf6c17d178c357b7f8af,8/23/2022 18:19:27,e23c4447-ebf3-46c4-8e60-33a6372171a6,5791652446267,email_sign_up,,,8/23/2022 17:12:11,,,
ajs-b0065001d80c79fc79169249ca8627e6,8/14/2022 1:19:24,235b1458-a50d-4392-a245-0351967eb037,5672781905979,email_sign_up,,,8/14/2022 0:29:26,,,
ajs-12c7a54567db47d033b4b3a8c7470289,8/9/2022 4:19:26,1edd3176-6551-4159-8ca8-9c2c4e693f34,7072025741,email_sign_up,,,8/9/2022 2:18:09,,,
ajs-c07c4530000e966d94c9531abaf39f3e,8/18/2022 2:19:25,6ce4f804-5f95-4edc-8b2f-bb26798cbe77,5785597902907,email_sign_up,,,8/18/2022 0:45:57,g|search|brand|core|desktop|exact,google,cpc
ajs-29572ee8654ce4e693b8741cda4da421,8/17/2022 17:19:26,270fb14a-678e-459f-bb89-9e556519af74,5785196429371,email_sign_up,,,8/17/2022 15:32:19,,,
ajs-1ef7441c4d7769143fa5aabc2827de3a,8/31/2022 18:19:25,2234c465-1c38-4384-8990-aed235a73f51,5804075024443,email_sign_up,,,8/31/2022 17:05:57,,,
ajs-b1e1600ec672f4cd4fea2b756206ab7a,8/13/2022 13:19:10,e56eca94-586c-45f0-8c2b-8dc966dfc9de,5781202108475,email_sign_up,,,8/13/2022 12:12:25,,,
ajs-4a1e7e7ca1f9b2f2aea026836bd706ab,8/10/2022 14:19:24,2355345d-02de-4f0c-b598-0b8c79830623,5778086985787,email_sign_up,,,8/10/2022 13:41:28,,,
ajs-7e62b38f4ddb4d98ba42e06da8724f52,8/21/2022 15:19:26,a9a6fc67-3d6e-41ac-bbcf-80f25e330e18,5789184720955,email_sign_up,,,8/21/2022 14:08:39,177862,pepperjam,affiliate
ajs-347477ffabb5411b48016ee4baea9725,8/2/2022 21:19:39,f22998e7-d4a4-482a-afb5-83735f81ed7d,5769842196539,email_sign_up,,,8/2/2022 18:30:45,,,
ajs-9ad327a4df7dec0e66bb328ea5bc8ade,8/29/2022 16:19:24,aa404526-76c4-4a80-aedf-ffc32f1df534,5799158710331,email_sign_up,,,8/29/2022 15:24:28,,,
ajs-1bd98bc06c099750fd608d0426168a6e,8/4/2022 16:19:24,c0f84bf9-4f6f-4fe4-80b5-f129f42fbad2,5771686412347,email_sign_up,,,8/4/2022 15:14:26,Boll&Branch_Prospecting_April2022_Broad+Lookalike_Influencer,Facebook,Social
ajs-b77fe6c6ac21a35c9b5d7db8fac59de3,8/1/2022 23:19:24,cd081bc4-7131-4ca4-a9e0-594c0f958f47,5767321649211,email_sign_up,,,8/1/2022 22:46:06,,,
ajs-2a07eb3a6c3462558532efe5b938ac87,8/29/2022 19:19:26,5a1567a2-f121-40b1-9995-cbd99d588f77,5107100109,email_sign_up,,,8/29/2022 18:33:20,,,
ajs-fca02c7749a30c7c8a89591d804c83e7,8/30/2022 15:19:12,456a09a7-e519-4a56-a781-6b46f9e6976f,5800122417211,email_sign_up,,,8/30/2022 13:54:02,,,
ajs-cb6bcb57cf63862a442a6eca4eb1c473,8/4/2022 22:19:25,64dbea95-c2e1-4cba-ac64-23d58cca66fc,5772200575035,email_sign_up,,,8/4/2022 21:34:08,g|search|brand|core|desktop|exact,google,cpc
ajs-21a5e8e5eda7435830079bf3dff69809,8/9/2022 3:19:24,a0cfc4fc-41f8-423b-9c44-ea360f5e0a41,5776590012475,email_sign_up,,,8/9/2022 2:15:52,,,
ajs-d49ca0142dd09ea1341d6c9ac08a77a6,8/21/2022 18:19:26,17ae9fb5-dd02-45fe-ad95-c10966f17ad3,7040350157,email_sign_up,,,8/21/2022 17:15:39,,,
ajs-4fad9c15efcf62ab7bd4d46c694cee01,8/23/2022 14:19:24,d09ec862-4e22-4e71-bc3b-54f4cc997d73,5756551135291,email_sign_up,,,8/23/2022 13:53:41,,,
ajs-f2fe3b570a2e95250f923b142acc4252,8/1/2022 20:19:26,af69b022-faec-4c3a-841e-a924881dc7c1,652770312251,email_sign_up,,,8/1/2022 19:26:28,g|search|brand|core|desktop|exact,google,cpc
ajs-44429ee0d1c11b145a66cc4517e4020c,8/31/2022 18:19:25,96e46c8e-2c93-4ba3-9556-a3de10b337a8,5804192333883,email_sign_up,,,8/31/2022 17:57:07,,,
ajs-0a3860af401b4e33f45f403ee3fd1b52,8/30/2022 16:19:25,598b8741-9723-4a74-9109-1d565a0d38ef,6675129037,email_sign_up,,,8/30/2022 14:53:03,,,
ajs-b9c6fb99876fb8fbe9da0a91d9bc6e97,8/17/2022 17:19:26,70c628ac-7d6a-412e-b9b5-3418b5515d03,5747198427195,email_sign_up,,,8/17/2022 16:07:29,BLST_EML_2022.08.17_SP_Long_summer-wednesday-EXTRASET-Leads,Iterable,email
ajs-9b4e9380204d98098d98e0ed4a5ba544,8/7/2022 21:19:23,a538ffad-5e52-49fc-b5f7-268b91893aa0,5775117910075,email_sign_up,,,8/7/2022 20:15:19,,,
ajs-0d7943ea36016215cb8b289c3b1e1aca,8/5/2022 1:19:25,e168186d-3986-433b-8561-f8ae12c3e2bf,5772481134651,email_sign_up,,,8/4/2022 23:56:14,,IGShopping,Social
ajs-063305e9fa375573d458ec2034d8e02c,8/28/2022 13:19:25,a3d6a5ff-a68d-4c27-993f-acb221abafa6,3891630342203,email_sign_up,,,8/28/2022 12:23:48,BLST_EML_2022.08.27_STL_Long_layers-Segment-2-4PM,Iterable,email
ajs-650897262bf8592c0a72108bf115c025,8/16/2022 14:19:25,72dced56-af89-471e-9812-147c8762a03c,5151101976635,email_sign_up,,,8/16/2022 13:38:41,,,
ajs-a6e2fe0bd5ced6a5221ce5e5913e3f3b,8/15/2022 1:19:25,acf7a05e-abb1-41a9-9fe1-71b4665ac3f0,5782720413755,email_sign_up,,,8/15/2022 0:44:33,120661,pepperjam,affiliate
ajs-ae736d92257a3ca804a58acd5f001284,8/27/2022 0:19:25,7c58f78c-359b-49a2-89ba-ba99d6092a56,5796177772603,email_sign_up,,,8/26/2022 23:23:47,,,
ajs-d7769bd222fe007ed98bca575155b202,8/30/2022 10:19:16,c6854a6f-bac8-401b-8c0b-8f14c148208f,2218026074171,email_sign_up,,,8/30/2022 9:15:03,,,
ajs-72880d942f25844667e2c8ecb6474f95,8/11/2022 2:19:24,deb07ddd-9c84-4ee2-a642-eaf01751d383,1560499028027,email_sign_up,,,8/11/2022 1:41:31,,,
ajs-3e3ca723fac9e5a68e04fdd00db3a430,8/7/2022 14:19:09,c474463b-3ed9-4c26-82db-062ecfcedaf4,5687877795899,email_sign_up,,,8/7/2022 12:53:05,,,
ajs-bd1fb4940655e69e77f8ec293c0a1f24,8/2/2022 21:19:39,0b180c92-b7c5-4572-a1d8-2658c70d5584,5769856614459,email_sign_up,,,8/2/2022 18:45:48,,,
ajs-37cd2bbaa92509cd5888c1caaf704254,8/9/2022 17:19:27,4831c284-a893-4d22-8dbd-fcb466c18842,5777154965563,email_sign_up,,,8/9/2022 15:56:09,g|search|brand|rlsa|core|desktop|exact,google,cpc
ajs-fa9f172f0af6a3da096c2e5212efdb8d,8/29/2022 2:19:24,b711f39f-49b8-4637-85ad-d2503e509c33,2896760385,email_sign_up,,,8/29/2022 0:44:29,Boll&Branch_Retention_May2022_Content Collective_Brand,Facebook,Social
ajs-07a4595dc55b52836ba314b5e931ff39,8/5/2022 17:19:27,279b57b6-21ff-4fd1-a925-d4c0e1879597,5730968797243,email_sign_up,,,8/5/2022 16:16:07,,,
ajs-5d3de0f6595dd3730dbd38ca2cb244f6,8/22/2022 13:19:11,c036d19d-a6d6-4047-9ed2-187be68cda2a,5419343675451,email_sign_up,,,8/22/2022 12:36:34,,,
ajs-23c0bf4dc359e372f30a2a41cedd814b,8/6/2022 3:19:09,4541c1a7-cfa9-4657-adfa-10019e2ff5a6,5773507592251,email_sign_up,,,8/6/2022 1:53:13,Boll&Branch_Prospecting_July2022_Black Crow Lookalikes_Influencer,Facebook,Social
ajs-c232de76cddaa841df734a423ea6d4bb,8/2/2022 21:19:39,e93d0f15-106d-42a6-93f4-a2a6cfd85e90,5769944399931,email_sign_up,,,8/2/2022 20:25:57,,,
ajs-751f9d4379e553eb4e541d9cd37a0643,8/12/2022 15:19:11,aedf5d4d-0989-4287-b0cd-67d694447ba4,5780125810747,email_sign_up,,,8/12/2022 13:50:40,,,
ajs-40a322ff850d402614f4ee31a364591d,8/2/2022 21:19:39,fd375873-8300-4d0f-8ec5-daaf5edf6331,5453823245,email_sign_up,,,8/2/2022 19:28:01,BLST_EML_2022.07.30_PF_Collect_Hero-signature-Segment-2,Iterable,email
ajs-10d003a56b92a15d285b21ba0f066fd7,8/10/2022 17:19:26,dc9099fa-054a-423f-868b-ff35c23214fa,5672525267003,email_sign_up,,,8/10/2022 16:32:53,BLST_EML_2022.08.10_SP_Gif_summer-wednesday-SURPRISE50-Segment-Onex,Iterable,email
ajs-601c95989101d405713984e7a59f9362,8/12/2022 1:19:25,6b8e7e0d-51f7-4565-a12a-1c4b1e8402e6,5403490418747,email_sign_up,,,8/12/2022 0:37:20,,,
ajs-9585a75a21b31ff0464a02e03f64248f,8/21/2022 19:19:25,1c4ba3ae-2a23-49c5-bd46-4fd376073f5e,5789408559163,email_sign_up,,,8/21/2022 18:42:37,,,
ajs-e193acfed7f8af7a75f5aeadc204600a,8/29/2022 23:19:24,70107ede-03e7-42e0-92cf-e22eb1e9d7f7,5799528824891,email_sign_up,,,8/29/2022 22:08:16,,,
ajs-e4f8bf18fd052d2b8cf8cce159b62650,8/14/2022 20:19:26,a409cf3d-cb55-4f2c-aed1-847a49bda2d4,5693487022139,email_sign_up,,,8/14/2022 19:37:25,,,
ajs-5143e221f8542015cc7e80645f630f0d,8/14/2022 19:19:26,d64ec147-24d7-49a1-810a-3686147a62d0,5782420750395,email_sign_up,,,8/14/2022 18:34:45,,,
ajs-72d950c89162e27a795ab7e50b67ae4e,8/23/2022 23:19:09,589f95b8-fa8c-4dbc-8d4d-ff53082f0672,5791930613819,email_sign_up,,,8/23/2022 22:37:26,,,
ajs-c6150aa678d098336c8d941d5585a77e,8/15/2022 5:19:24,81f0f673-00e1-4055-beec-2295f0e71228,5171356368955,email_sign_up,,,8/15/2022 3:57:24,,,
ajs-75fe7e211be2fb735f4a25d8d07b0cc2,8/16/2022 18:19:26,af1f1d32-c020-494c-a408-92918a3de945,2694700138555,email_sign_up,,,8/16/2022 17:03:51,BLST_EML_2022.08.06_PF_Collect_signature-Leads-4-4PM,Iterable,email
ajs-10f7569fa20664ce3592a5a88cb7c1bc,8/31/2022 15:19:10,6458138f-6906-42dd-a768-c92667caec70,972264013883,email_sign_up,,,8/31/2022 14:19:58,,,
ajs-ef7ae041e321150467989e28f925dcc4,8/2/2022 21:19:39,efdf1d1c-5483-4821-84b8-3d9ec941f267,,email_sign_up,,,8/2/2022 19:52:46,,,
ajs-45a19459c0a140ace7cf93c6e7a750ae,8/11/2022 21:19:28,2a8a07c3-49fe-419d-9459-c28ab9f0aef6,5578502144059,email_sign_up,,,8/11/2022 20:20:19,,,
ajs-5a49aa5e807833f60a4bec61e8817e02,8/25/2022 13:19:11,6b4df11b-eb3c-4947-8638-77cd59e9e514,5793931690043,email_sign_up,,,8/25/2022 13:06:44,,,
ajs-a56ee64e2473f615e525c1e368d96151,8/30/2022 1:19:25,fb890aaf-f176-4078-bf81-5f126cd55202,5799609270331,email_sign_up,,,8/29/2022 23:45:40,b|search|brand|plus|desktop|bmm,bing,cpc
ajs-5f18cc3dca12b3f3373d9c0a379b914d,8/28/2022 22:19:25,4fee8f21-d468-40bd-9cf2-17c9c6bc766b,5798472941627,email_sign_up,,,8/28/2022 21:34:29,g|search|brand|core|desktop|exact,google,cpc
ajs-eb2319070be05a769a2e7b0aa853baa3,8/22/2022 19:19:39,1f4fb247-cfcb-4c19-81fa-9998340c715b,5790288773179,email_sign_up,,,8/22/2022 17:51:57,g|search|brand|core|desktop|exact,google,cpc
ajs-d17d9d371e787ba4171bc197da73ae2a,8/20/2022 16:19:25,3bbdf281-9523-43c0-a80f-dec9210eff02,5787955855419,email_sign_up,,,8/20/2022 15:25:37,,,
ajs-3ee367f456c751348efa42c84a7447f9,8/14/2022 8:19:09,042fda4d-ff49-4936-a492-4ab8dc9a3e0e,5781984313403,email_sign_up,,,8/14/2022 7:05:23,,,
ajs-c7d74b7678f875f3cb2d6c4283fbc1c8,8/4/2022 16:19:24,a6a36b36-5ae8-41eb-84e6-34c444e0e51a,5759259082811,email_sign_up,,,8/4/2022 15:29:15,BLST_EML_2022.08.04_NPL_Collect_signature-spruce-Segment-4,Iterable,email
ajs-986f6362bf5c8a4d12d6920a07b5ff8b,8/5/2022 23:19:11,3013abe5-c050-4dca-9066-c69b2b454373,5708245106747,email_sign_up,,,8/5/2022 22:43:29,,,
ajs-15e3cb44f65337935baa578c1188aba7,8/11/2022 16:19:24,4a22a99c-4be2-44df-ad05-d45cb3c28c56,3873164558395,email_sign_up,,,8/11/2022 15:16:46,BLST_EML_2022.08.11_NPL_Collect_spruce-Segment-2,Iterable,email
ajs-8dd670590dacaef9b533bbb8c66b28bb,8/19/2022 17:19:25,30e1c1d6-d534-4d44-9033-f7a0b11dd97a,5676834259003,email_sign_up,,,8/19/2022 17:14:29,,,
ajs-a99ce34a3832f1c9ab5a65086792ec23,8/17/2022 1:19:24,ddee6a98-c284-42ed-bd25-b0bf4345f86c,236027772941,email_sign_up,,,8/17/2022 0:42:20,g|search|brand|core|desktop|exact,google,cpc
ajs-f7b2e4bbeb2ec268d2d040d4600fad79,8/30/2022 16:19:25,52070a98-ba6b-4b75-9b69-581f26daf397,5800246542395,email_sign_up,,,8/30/2022 15:42:17,,,
ajs-2ea9b215d525db0e24bd52d3b72e6bb3,8/1/2022 15:19:24,be877d58-c0da-43d5-809b-d06a3cb83be8,5768420720699,email_sign_up,,,8/1/2022 13:58:49,,,
ajs-f9b582c04760b214e1f3f2f231ec3155,8/9/2022 15:19:28,fe09890d-6bc0-4ae1-8fa7-cc834794ff1c,5460784545851,email_sign_up,,,8/9/2022 13:53:07,,,
ajs-8972430f0247c698f3ab71554bca0a7e,8/10/2022 11:19:25,e25025e7-8c0a-4f98-8b6a-8f6e646c9fa4,3830683369531,email_sign_up,,,8/10/2022 11:03:40,,,
ajs-2794838d245142d0a01ff33a3b3e313a,8/8/2022 6:19:10,c58482f9-2ab0-4a12-bbd7-dc475eb22af3,2700889980987,email_sign_up,,,8/8/2022 5:14:51,,,
ajs-cecd52165f64031eadd981d8c1ce5164,8/3/2022 5:19:10,feb925b9-050c-4da9-a7ee-87d81852a705,2654613889,email_sign_up,,,8/3/2022 4:09:18,,,
ajs-6a6046e1599edc472ca286adaae6f461,8/10/2022 23:19:25,a6f2aeb6-f777-41f8-b6c6-d89be5116178,5778578341947,email_sign_up,,,8/10/2022 22:17:17,g|shopping|nonbrand|signaturesheets|high|desktab,google,cpc
ajs-1d89d554a684238c2fdce29ebfaf8e85,8/11/2022 16:19:24,51af0c5c-dbd7-471a-827d-4ae122129412,5688756568123,email_sign_up,,,8/11/2022 14:46:01,,,
ajs-156aac3bb20a9cd3547a570cde03b2dc,8/17/2022 16:19:09,631f97cd-bdab-4638-8c62-24449cac4053,5785177849915,email_sign_up,,,8/17/2022 15:12:32,,,
ajs-b76bed02ece803e90e476fc5c42bc406,8/23/2022 1:19:24,4f36f54a-f2d0-401b-87c3-e2f6ff7785ca,5790721703995,email_sign_up,,,8/22/2022 23:35:21,,,
ajs-48d2f23778e538f712a89deaf7da05ba,8/11/2022 22:19:26,f1ec9ac9-35d3-48d1-b696-f39549f74f00,5779542736955,email_sign_up,,,8/11/2022 21:40:49,,,
ajs-48acbd792ecea9de6c0850a6f1c3465e,8/8/2022 5:19:24,a499bba6-791e-4b0e-8ffb-f5eef30240fd,5679646343227,email_sign_up,,,8/8/2022 4:24:04,,,
ajs-f50199cc90807c81beb561de95713392,8/17/2022 3:19:24,ea91ce42-6377-4af2-8f82-b172eac3b5bf,5784787288123,email_sign_up,,,8/17/2022 2:27:13,,,
ajs-dc0f2c9a7194658af5a3b67db7829689,8/29/2022 15:19:25,4e0cccec-59c7-49f0-bb4e-e65b9d0d3a6c,5799098449979,email_sign_up,,,8/29/2022 14:05:47,BLST_EML_2022.08.29_NPL_Long_reserve-relaunch-Leads-4,Iterable,email
ajs-c68a8f6d7109db5eaa755bf5e02e55a2,8/2/2022 0:19:25,f7cd521e-9cb6-4acc-b0e3-c27d7b789b1b,280470323213,email_sign_up,,,8/1/2022 23:52:46,,,
ajs-83d790046466a93be44ec7eb5cbc29e2,8/17/2022 1:19:24,7f711def-75d0-43fc-9f8d-bc6eefe91303,5191771717691,email_sign_up,,,8/17/2022 0:21:11,,,
ajs-d47b7df9b4060bfc4a5900d5f7fddd26,8/16/2022 5:19:25,84dd7a7e-1f5c-4ff9-9589-ed15c5a1fccf,5783913758779,email_sign_up,,,8/16/2022 4:11:54,g|search|brand|core|desktop|exact,google,cpc
ajs-e247039874a44c532beec1fa9e1dc6c4,8/22/2022 3:19:27,681e29f6-98af-4dcd-99ce-b6a1b39794e9,5789413310523,email_sign_up,,,8/22/2022 2:13:38,,,
ajs-97d8b775fa70c25f18f2e062097c5dd8,8/21/2022 21:19:25,98c715a4-e4fa-4cb6-be78-ed84ed3326a7,5789491724347,email_sign_up,,,8/21/2022 20:23:52,,,
ajs-a675c504c92e4756c4dd55a08e84b633,8/26/2022 17:19:28,13279122-470f-486c-9c2d-ee3bf1e1e850,5795604594747,email_sign_up,,,8/26/2022 16:25:11,g|search|brand|core|desktop|exact,google,cpc
ajs-766b63a9b74fc51618ce5e6c46c07d8f,8/16/2022 20:19:25,7a949aaa-c331-46d2-b92b-9a0cffffd1b2,5349292277819,email_sign_up,,,8/16/2022 18:30:40,,,
ajs-044fd548edf8192fe552c1136cdff6af,8/28/2022 12:19:10,1a809e4c-6fa2-458c-b0a0-f73aa776a9d0,5797967822907,email_sign_up,,,8/28/2022 11:26:57,,,
ajs-283d1d0804892a2ef9b5f048fec2f38e,8/23/2022 4:19:27,dc832a67-d734-4e2f-b7b0-5274a3b3f4fe,5790907957307,email_sign_up,,,8/23/2022 2:48:44,,,
ajs-9abe5504d6031c6d2779afd583a4c404,8/16/2022 22:19:26,944c7c7f-b780-4f67-b1f7-dee57205f1de,5763817504827,email_sign_up,,,8/16/2022 20:55:12,,,
ajs-cb68d4ede5853919f9aeeff0bb316d63,8/9/2022 3:19:24,74df5245-227e-4399-aefa-83d013280893,5776568451131,email_sign_up,,,8/9/2022 1:41:26,g|search|brand|core|desktop|bmm,google,cpc
ajs-46acb8a53a98c89c852ce831a654e340,8/17/2022 15:19:26,47a75055-ce67-4190-ad7f-15574351ace2,5785155043387,email_sign_up,,,8/17/2022 14:46:54,,,
ajs-a571bdc4d8aefc5a716a60bcef3777ec,8/1/2022 21:19:26,7371dcfd-4c89-4f8a-ae3b-a6dfa7875b53,242879365133,email_sign_up,,,8/1/2022 20:43:26,,,
ajs-4d56cb7c8fa0b9e3455bfd9cc02ec7f6,8/29/2022 15:19:25,da8bf0e8-19cb-4c3f-a345-6cdff8614e42,5395958005819,email_sign_up,,,8/29/2022 14:33:02,BLST_EML_2022.08.29_NPL_Long_reserve-relaunch-Leads-3,Iterable,email
ajs-a4c39d90d63967f3538d88b82eb1610e,8/7/2022 2:19:24,91c72a45-8ac9-4b70-b64b-cba60ddf0fff,5735658061883,email_sign_up,,,8/7/2022 2:07:36,,,
ajs-0fa9f782c9aee2b81594ba8046eb8fa0,8/11/2022 7:19:11,43e1ad28-4334-4f8b-993f-f830a35af8d8,5778869911611,email_sign_up,,,8/11/2022 5:58:33,,,
ajs-1b23068240c6233444e0674bf1057b7e,8/11/2022 23:19:23,44f01541-881f-4b06-811a-68b011e81168,5632169017403,email_sign_up,,,8/11/2022 22:38:40,,,
ajs-41d9775c1c5071353eb90bdf70f2bdab,8/20/2022 5:19:13,bf9ae822-d02b-4c88-987d-8a7187ace61e,5406581063739,email_sign_up,,,8/20/2022 3:52:19,,,
ajs-df75c72461a1685590fe7e1d58480bfc,8/23/2022 20:19:24,1c0cb076-cc95-4b6f-9312-eff8ebf3a6f8,5791759269947,email_sign_up,,,8/23/2022 19:09:31,,,
ajs-fcf910ebcc452ca3aa9dc7ec791b72bb,8/17/2022 1:19:24,4a4886f3-1618-4d87-9ab1-0dd66ef54526,5784722079803,email_sign_up,,,8/17/2022 0:43:12,g|search|brand|core|desktop|exact,google,cpc
ajs-5bdea3da3083418c229f58f33799f754,8/17/2022 5:19:10,f9b70b93-08bb-4e2d-a09d-2d43ec98ae28,5784842272827,email_sign_up,,,8/17/2022 4:06:32,g|search|brand|core|desktop|exact,google,cpc
ajs-239e208e2e13ffaacd76160136820535,8/20/2022 0:19:25,12ecd555-aaa3-4d9a-ac33-8db9f9aaa56a,5787476033595,email_sign_up,,,8/19/2022 23:41:49,,,
ajs-b4e0a80f7d8d1797021ecdfeed82a451,8/9/2022 15:19:28,45211aa4-a42d-4620-a205-8a0f8253e75a,5777066885179,email_sign_up,,,8/9/2022 14:37:05,,,
ajs-aeabe3ff9c1ec81f8f978f17efe1a611,8/4/2022 21:19:11,1379d7ff-7c6b-4931-a80b-dd9318c85995,5751495983163,email_sign_up,,,8/4/2022 20:15:29,,,
ajs-9cb111586ef6723604246e05e6ba9627,8/17/2022 3:19:24,44312a42-726e-4cd4-980a-68de00386051,3858587910203,email_sign_up,,,8/17/2022 2:34:40,,,
ajs-2ed1e02198b1a2f506eeb1645eed1908,8/7/2022 0:19:23,4fcf1d57-1a24-42f0-a29e-3731cab29494,5774327644219,email_sign_up,,,8/6/2022 23:14:12,,,
ajs-aa0c2ec5174a411674bdbdc6e0429d99,8/3/2022 3:19:26,cd247182-246f-4478-b718-a2e717c7286b,5770198057019,email_sign_up,,,8/3/2022 2:04:15,,,
ajs-c513e2ee56b862187415750f334e1471,8/5/2022 14:19:11,2344f943-ae4c-4fcb-acea-4429e6a7fe47,5772929466427,email_sign_up,,,8/5/2022 13:24:55,g|search|brand|core|desktop|exact,google,cpc
ajs-5f45aa41efa2ba091f2538366da34e2d,8/10/2022 16:19:11,99d65ccd-5224-4fe4-8af5-bbdaa1a253ac,5746925011003,email_sign_up,,,8/10/2022 15:38:19,,,
ajs-b18dd8fc2343a66ad91e604d9f0a0a0c,8/7/2022 2:19:24,082dee5d-fbd3-4684-acb1-3adbd2ac9519,5774393901115,email_sign_up,,,8/7/2022 1:08:51,g|search|brand|plus|desktop|exact,google,cpc
ajs-fd8f2300c982ecfa845c5704c1b7b1eb,8/3/2022 22:19:44,a4c4e6f0-724a-4a7e-8c03-2bf6f9175f3e,6528982285,email_sign_up,,,8/3/2022 21:20:02,,,
ajs-cd6828d9f48a05d48950cf0950da90d0,8/3/2022 21:19:24,27b1a8d6-5348-4e65-947e-c662bb1fe2a7,5770889134139,email_sign_up,,,8/3/2022 19:32:08,,,
ajs-de7da3d60e0c85370c8ba76adc3bc69f,8/6/2022 19:19:24,a87db9e4-9a26-4bf6-9b42-384f8ca6f8cb,5774108327995,email_sign_up,,,8/6/2022 18:40:28,g|search|brand|core|desktop|exact,google,cpc
ajs-bd773221e44f61bd4a46ebb785b61908,8/12/2022 4:19:24,6e723add-5ba3-41e2-b320-fe5998665763,6852944717,email_sign_up,,,8/12/2022 3:17:04,,,
ajs-8f6b03061b53229afdf840d2fed2af09,8/11/2022 15:19:25,2e6cdf26-3c4f-4c67-923c-d0f679470964,5779169804347,email_sign_up,,,8/11/2022 14:35:56,,,
ajs-88c6596e44506e7356e435b1bff527bb,8/4/2022 23:19:25,5cf49960-26ce-41e4-be60-740caebef112,5772203032635,email_sign_up,,,8/4/2022 21:36:52,,,
ajs-bf7bc8da482162b6e6a2420d7c2c4e62,8/14/2022 23:19:24,d7511d51-bba9-4812-941d-d4264e14774e,5782586392635,email_sign_up,,,8/14/2022 21:36:04,,,
ajs-d97ec2e265d2c8f27c008ce829fde2f5,8/18/2022 3:19:25,2c30fb27-f486-4e52-b9d3-5b2caa8749ad,5785678413883,email_sign_up,,,8/18/2022 2:47:21,g|search|brand|mattress|desktop|exact,google,cpc
ajs-d04bd047bf4a39fc622569b233dcf027,8/28/2022 16:19:27,fe2aaff1-30a0-4725-9617-ba7f7bffaebb,5757696376891,email_sign_up,,,8/28/2022 15:01:26,Boll&Branch_Prospecting_April2022_Broad+Lookalike_Influencer,Facebook,Social
ajs-26f931e6a10b456fdf553331c32e9cbe,8/31/2022 21:19:24,ebad20f3-3d8a-4c8a-891a-8eeab680866d,268856393741,email_sign_up,,,8/31/2022 19:49:52,,,
ajs-6c6c9248827d069c3ba810a028dce523,8/22/2022 13:19:11,6ebd5002-1d61-4b0a-9e85-78b520d178fd,5790039572539,email_sign_up,,,8/22/2022 12:40:38,,,
ajs-d4a13dde88e49f4f7e8e15220b5f9109,8/27/2022 23:19:25,123731f4-1e03-4c99-bd5d-b5d6fdb3fc8f,5025687207995,email_sign_up,,,8/27/2022 22:08:19,,,
ajs-d43998b98f78ef16eadb18cb47c79de4,8/23/2022 22:19:24,0bf0ced5-8ff7-4b0d-bdd7-bcfc7224fa31,5791875629115,email_sign_up,,,8/23/2022 21:23:52,,,
ajs-e568d91301a2417e0e161c61c7cc2b03,8/28/2022 17:19:25,c00f3d70-fd9e-4cc7-b62f-fad8f75996d8,5798191661115,email_sign_up,,,8/28/2022 16:28:28,Boll&Branch_Prospecting_April2022_Broad+Lookalike_Influencer,Facebook,Social
ajs-8683a59ad834e096ff29f5b791943dc8,8/1/2022 1:19:24,462e10e8-cd36-4402-b09e-a998028d3934,5767855996987,email_sign_up,,,8/1/2022 0:31:01,,,
ajs-ee2e0f1fd667689d0703879bebb8d572,8/5/2022 1:19:25,0934e78a-3a6f-485f-b0b2-4fec7bc4433b,5772509610043,email_sign_up,,,8/5/2022 0:44:50,g|search|brand|plus|desktop|exact,google,cpc
ajs-8fbfa9433d7783bfb9701471a7dcf560,8/9/2022 23:19:27,a03c7d9e-24fb-4a1c-b2c1-fc0792abca83,5777517051963,email_sign_up,,,8/9/2022 22:25:29,g|shopping|nonbrand|signaturesheets|high|desktab,google,cpc
ajs-27052336e2e4a5c8deb6b87d945d394e,8/17/2022 23:19:09,225c46fe-d5a5-465d-a2a4-138f899a4441,1279379669051,email_sign_up,,,8/17/2022 22:36:31,b|search|brand|plus|desktop|bmm,bing,cpc
ajs-df8a804b7eb8e16ab0ac27d76a0cfc40,8/24/2022 15:19:25,4af11396-d6a2-4913-9d50-1c716c64b70d,5792596656187,email_sign_up,,,8/24/2022 14:22:16,g|search|nonbrand|core|sheets|desktop|exact,google,cpc
ajs-8b6d26e6f0429d1b807a7b95dd7724e3,8/30/2022 9:19:10,b044a6da-121e-4bb8-aa4d-14029fbbe2df,5799921352763,email_sign_up,,,8/30/2022 8:40:26,,,
ajs-fd11580b1a5e7b0b96e167b7dcf8ed75,8/5/2022 17:19:27,632e59f9-c2e0-48e2-9419-3eb2cb4b8277,92566945805,email_sign_up,,,8/5/2022 16:18:50,,,
ajs-23bc378f2b36659ae4ecd66d11156f3d,8/30/2022 19:19:25,17c1a87d-a327-40f8-8be0-76fe99304231,5800404287547,email_sign_up,,,8/30/2022 18:22:14,,,
ajs-964015a8531473b3ee7f4b54bf921617,8/11/2022 12:19:11,16257f34-5c2d-4573-8a3a-c29d333602d3,5779013271611,email_sign_up,,,8/11/2022 11:08:05,,,
ajs-da3f22197ddb62d1a68657eaee23ca97,8/12/2022 4:19:24,a759fa86-86ef-4bc4-b679-e637fc43e96a,5779791478843,email_sign_up,,,8/12/2022 3:23:52,,,
ajs-e061b86f482c8d01b8b67fba9a4f15e5,8/26/2022 14:19:26,8e2d8e86-f7b5-4a8f-8227-bceafc2d0f61,5795353591867,email_sign_up,,,8/26/2022 14:02:54,b|search|nonbrand|sheets|desktop|bmm,bing,cpc
ajs-a0332006a295112b407731687776e717,8/9/2022 15:19:28,4b31e3d0-41ba-4919-b9e9-d52d415a6bce,4320401153,email_sign_up,,,8/9/2022 14:35:17,BLST_EML_2022.08.09_PF_Collect_duvet-inserts-Segment-1-9AM,Iterable,email
ajs-e6d342145a96275e66ccbea880c16803,8/8/2022 22:19:24,55f7b80c-6f9e-4378-b678-25d250b865c5,5776387276859,email_sign_up,,,8/8/2022 21:19:14,,,
ajs-80bc3c23634f48bb8a8d9dbbc30322fa,8/15/2022 20:19:25,f3ea0630-80e1-44e2-950b-71ba7955436f,5783536500795,email_sign_up,,,8/15/2022 19:17:15,Boll&Branch_Prospecting_July2022_Black Crow Lookalikes_Influencer,Facebook,Social
ajs-3d596a7d1e911248d5eaec5c103bcb28,8/7/2022 15:19:12,0683f68c-6436-4200-8be4-4b71f629e4fd,5030351011899,email_sign_up,,,8/7/2022 13:58:33,,,
ajs-6fa5c8efe2c893cfb25ab62abadac980,8/29/2022 1:19:26,b454e4b8-c160-4173-8731-c2b775660a54,5793891221563,email_sign_up,,,8/29/2022 0:08:07,,,
ajs-8a64686a89c3849a385ddd551cbadf37,8/7/2022 17:19:23,37bd3d6d-ff23-45cc-ae29-470056077ed1,5774884864059,email_sign_up,,,8/7/2022 15:58:01,,,
ajs-11e6b4279d046bab00bb9a149e407f4f,8/11/2022 20:19:24,964d12c1-292b-4d6e-9293-5accd6f1a1ca,5779433914427,email_sign_up,,,8/11/2022 19:31:45,,,
ajs-9737220a97d202372b8d00cc0f841a07,8/30/2022 9:19:10,5bc988c1-f0c9-434e-93e7-1828cde3acbe,5799922466875,email_sign_up,,,8/30/2022 8:38:37,,,
ajs-907be4dfd816b60f43b9542ecc0d28d6,8/6/2022 19:19:24,e18337e7-2a15-4296-9b06-3d37f3d0e807,5734311788603,email_sign_up,,,8/6/2022 18:13:37,,,
ajs-4cca013a44aa120f2e77df4330df6e0b,8/10/2022 19:19:53,7660bc51-dcb3-47c1-bfc0-9d1abbb1167c,5342267047995,email_sign_up,,,8/10/2022 19:02:43,,,
ajs-4347e0c2422eca6dcc7de0c7649ee11e,8/24/2022 12:19:11,5bcede68-3714-474b-85f6-64d642104c0a,5792459292731,email_sign_up,,,8/24/2022 11:04:40,,,
ajs-eec00b7e3aa76ec2c3b7039e3ecfba43,8/11/2022 19:19:24,2b6b113c-347e-453b-a269-25e748bfbfe5,5779361398843,email_sign_up,,,8/11/2022 18:08:46,,,
ajs-ba064cf87083c216886270f83f980050,8/26/2022 18:19:25,c9f055aa-b704-477a-a4dd-0c199fd6285a,5795668197435,email_sign_up,,,8/26/2022 17:46:15,,,
ajs-5e262486e3b619838e5205356c6cb767,8/4/2022 15:19:25,e357fcdc-2c61-4a8d-8f88-35663479b5fc,5695428460603,email_sign_up,,,8/4/2022 13:54:34,,,
ajs-5b7886fe8c6971f036a4990b423a48bd,8/28/2022 12:19:10,6ff89550-bd19-4fa7-b5c6-44a6bd71028d,5797939839035,email_sign_up,,,8/28/2022 10:38:28,,IGShopping,Social
ajs-583b75ab59955b9bce6ce56b04eb6413,8/24/2022 21:19:25,f5a5b464-9d7c-4fce-849a-16fd152ba9ce,5238939058235,email_sign_up,,,8/24/2022 20:09:46,,,
ajs-555911b2227176dfcdee8a850ffad435,9/1/2022 0:19:25,ccac06ca-a4ad-4816-b0eb-01125d3c0b51,5804862865467,email_sign_up,,,8/31/2022 23:27:29,g|search|brand|core|desktop|exact,google,cpc
ajs-4ce00d0c3d693e077859d156f132b3db,8/8/2022 2:19:26,1002696e-9bdb-4ebe-96f3-6796048db3fa,5775343583291,email_sign_up,,,8/8/2022 1:19:37,,,
ajs-6a2b5cf6182f70d9fa1eb68c8dc5a57d,8/4/2022 5:19:10,91a0a641-2014-4d7d-92b9-47880548bb2c,5771276943419,email_sign_up,,,8/4/2022 3:39:16,,,
ajs-8b22c56a9b3787147e92d8763edf78d5,8/28/2022 0:19:26,f446adfc-338f-474f-9b0b-01a8b2727827,23523721229,email_sign_up,,,8/27/2022 23:33:12,,,
ajs-25af688ec43ed2af1fe4139b64c4684e,8/2/2022 6:19:11,ac31637e-2aed-4aaa-a3f5-8b2dac9716e3,3488935477307,email_sign_up,,,8/2/2022 4:53:13,,,
ajs-7e940a8c42da10aa29dbca41696fc6aa,8/12/2022 19:19:24,a90776b4-73ca-4896-819d-302f3a1ab9a7,5693487022139,email_sign_up,,,8/12/2022 17:34:00,,other,QA
ajs-d8fc8141c9225313dad43086f929afe3,8/20/2022 14:19:24,29fcec22-0cde-439a-b1af-ef56916d82fa,5693487022139,email_sign_up,,,8/20/2022 13:37:12,,,
ajs-823503465d26470863f3d34fdda8cf97,8/26/2022 23:19:24,b2f7e724-417a-421b-94c7-a756a173ecde,5373478862907,email_sign_up,,,8/26/2022 21:47:49,,,
ajs-70bf7fbcbf0ad2757f4b0d91f4fc65ed,8/3/2022 23:19:38,8bfd74b9-aa24-4c63-bf5a-4c39262f4e3c,5771051466811,email_sign_up,,,8/3/2022 22:42:49,,,
ajs-370b25e82cd3a5c61e58886b9bc0ad40,8/17/2022 16:19:09,4c957ec4-ea39-4add-9266-29a8c59d6a44,5785182273595,email_sign_up,,,8/17/2022 15:16:46,,,
ajs-b58f7a7e105db4efbc2a76637fc83734,8/21/2022 19:19:25,d43fc888-6774-4c9d-9dc9-8bec9c9bef7d,5789405577275,email_sign_up,,,8/21/2022 18:39:24,,,
ajs-c7d182996b459d314054caeda22d7143,8/4/2022 20:19:25,02b90d31-9330-4766-9041-12e559438b8f,5772100239419,email_sign_up,,,8/4/2022 19:33:45,g|search|brand|mattress|desktop|exact,google,cpc
ajs-c30eed0830f64aff2dd347b8215599df,8/31/2022 18:19:25,2234c465-1c38-4384-8990-aed235a73f51,5804075024443,email_sign_up,,,8/31/2022 17:03:57,,,
ajs-f163e6dd6c17cf2353f4c117709888b4,8/27/2022 21:19:24,c9788121-4d5c-47d2-a2d5-a1d8dc2679c1,5391886417979,email_sign_up,,,8/27/2022 19:56:53,,,
ajs-489b83423d6dd385e0ff080d4e3a1bf7,8/24/2022 19:19:25,8931cc0b-98a8-4982-b552-4b71ccccbb1e,3943516143675,email_sign_up,,,8/24/2022 18:30:12,,,
ajs-38b4a654ae3e8d7c00b0c697e0f4926a,8/22/2022 21:19:54,375db2dc-635e-4c42-b0cf-ede9134388e4,5749202059323,email_sign_up,,,8/22/2022 19:39:27,,,
ajs-7d27fdab1695dc15f5955d52077676f3,8/10/2022 19:19:53,4dfe4ed9-376e-4c72-b45d-6db73916e4ea,5778365153339,email_sign_up,,,8/10/2022 17:59:13,,,
ajs-6baf1f3980a60e4a70fcb8590a5ee884,8/5/2022 21:19:25,b357c3aa-50d7-4913-b8a6-45846651e776,5671555137595,email_sign_up,,,8/5/2022 20:29:52,,,
ajs-8d5a9f2721f8823fa84c4d50ee5042d2,8/29/2022 5:19:11,4f5927be-4483-4318-b103-3c4755be8183,5393749803067,email_sign_up,,,8/29/2022 3:38:36,,,
ajs-2be1937d8ad54b9f8c204b1d6eb5809b,8/23/2022 1:19:24,38dd4bea-87f9-4109-a363-e73410de34cf,5790781472827,email_sign_up,,,8/23/2022 0:39:54,,,
ajs-c30cfe03c526bcba2e320c3efd2f0d73,8/31/2022 2:19:25,4655b2e9-875a-4c3a-a564-0f8915fe1dd3,5128669593659,email_sign_up,,,8/31/2022 1:08:33,,,
ajs-ed4a9ecf21d49ae7140611c498390126,8/28/2022 18:19:28,f19d92f7-0860-4d89-ab10-5668729bceb0,3861863137339,email_sign_up,,,8/28/2022 17:37:36,BLST_EML_2022.08.27_STL_Long_layers-Segment-2-9AM,Iterable,email
ajs-adb3a9e898fa501c178a888f844c35f3,8/25/2022 0:19:25,6a598149-7c68-4bbb-a530-a13a6d4d43de,3905766457403,email_sign_up,,,8/24/2022 23:16:45,,,
ajs-1c181917d6a61912e8704c1a44b38f18,8/30/2022 20:19:24,cd02a53a-f0e6-41fc-9347-6453786bf36b,5800485224507,email_sign_up,,,8/30/2022 19:25:30,,,
ajs-f0837d889aa38f4e124cbbe182c882ee,8/28/2022 17:19:25,9659cbfc-fc42-4377-bf37-a03a8b4c2a03,5787577778235,email_sign_up,,,8/28/2022 16:13:02,,,
ajs-aaf22f2ed2b7af89a5ab1fdb4b9687ad,8/13/2022 15:19:24,f8d65d1f-e91e-4884-8c60-4b618931ad0a,5781264236603,email_sign_up,,,8/13/2022 13:44:36,,IGShopping,Social
ajs-847f20bab3aa13b30adc9f313824b21b,8/29/2022 20:19:24,437462f3-4ba1-446d-a5b5-f08ae02f06ef,5547235475515,email_sign_up,,,8/29/2022 19:44:08,BLST_EML_2022.08.29_NPL_Long_reserve-relaunch-Segment-3,Iterable,email
ajs-30573e8d855a898fcdbbb5bb2ca4bdd4,8/9/2022 15:19:28,334bf0ed-ee5f-4c98-9c11-a164b869260b,3660299265,email_sign_up,,,8/9/2022 14:17:24,,,
ajs-31e508e1937e65f97fe2f68218f2eb45,8/3/2022 1:19:24,bb3bb792-7a88-449a-a9a2-cf22bb938ad2,5348264083515,email_sign_up,,,8/3/2022 0:39:25,g|shopping|nonbrand|signaturesheets|high|desktab,google,cpc
ajs-6e3fb68481b71f4b9ef5ea2026c65158,8/5/2022 4:19:25,8dcf945d-7f47-4cf9-8f3f-428a6077a846,3889879744571,email_sign_up,,,8/5/2022 3:02:09,,,
ajs-77b378e95c3e15cc8e38d8c30893da39,8/8/2022 22:19:24,068a7b86-35b3-450e-a3c0-eb604fdcf947,5765717262395,email_sign_up,,,8/8/2022 21:08:47,,,
ajs-ccd105fe2d1c524f175d0d5ba9fd38b7,8/1/2022 6:19:11,6215479d-edc9-4b5d-92fd-01a77d4efb99,5768048279611,email_sign_up,,,8/1/2022 5:50:15,,,
ajs-a1f4441c7e0917cc0783c74db221457f,8/6/2022 20:19:25,7ca3a8c1-f4af-473f-8de9-85b706a1ca9b,5693487022139,email_sign_up,,,8/6/2022 19:32:16,,,
ajs-01b991a70d06d1dd4777ca871b46e6e0,8/30/2022 5:19:25,8ba7446f-6cef-442c-9407-b433c8902716,5123102015547,email_sign_up,,,8/30/2022 4:37:34,,,
ajs-f9283ea6eb3a46292aac6118dd6ae624,8/30/2022 15:19:12,0dc92c3b-7a32-459e-a362-1ae53e8a77b9,5832567914555,email_sign_up,,,8/30/2022 14:20:53,,,
ajs-73365a9b505b4d3a23b6a1046d4e7b34,8/2/2022 17:19:26,ed3d9332-c12c-4f1d-b551-73380c7bb43f,5769684484155,email_sign_up,,,8/2/2022 15:36:26,g|search|brand|plus|desktop|exact,google,cpc
ajs-9ca2ab4b216c430f4cd3b4e9083fa90d,8/29/2022 3:19:25,9d4c882d-b21c-4396-a23f-13ca304719b3,5798700810299,email_sign_up,,,8/29/2022 2:35:09,,,
ajs-e66f53057b4d80460d2d6df839dc44b7,8/15/2022 3:19:24,ee83721b-3d78-4825-b34c-e3bb94584001,5782775824443,email_sign_up,,,8/15/2022 2:08:47,,,
ajs-1d5caa4985347cc53fd1d3cf4a800073,8/2/2022 15:19:24,98485936-790d-4109-b789-1fe0ff993c1d,5769610526779,email_sign_up,,,8/2/2022 14:11:20,,,
ajs-2865bd73962ffa155a389db318af0185,8/18/2022 12:19:11,715fc89b-ff78-4173-b696-c38ec39e03f8,5785906479163,email_sign_up,,,8/18/2022 11:25:33,BLST_EML_2022.08.17_SP_Long_summer-wednesday-EXTRASET-Segment-Onex,Iterable,email
ajs-07abfac3d58b4b3320ecd080daf4237b,8/19/2022 14:19:09,4d481763-a5fc-458f-a1ca-7ecf19d0449d,5155853828155,email_sign_up,,,8/19/2022 13:37:21,,,
ajs-6296beefb56d27c93348b873cf5275b8,8/22/2022 22:19:26,10852229-7d46-45f8-a091-0a81f372d613,5790497472571,email_sign_up,,,8/22/2022 20:45:19,,,
ajs-a89ed22cbe2f89d5f37e0a3b28be30f5,8/12/2022 15:19:11,567ff15c-cc28-4ff4-9d4b-bfe9cd54fc84,121394692109,email_sign_up,,,8/12/2022 14:41:45,,,
ajs-825fdd3fa727553149d7002a50305d3a,8/13/2022 3:19:25,c43927e3-75f1-436a-aebb-54dbce1c5a0d,5780898021435,email_sign_up,,,8/13/2022 2:40:20,g|search|brand|core|desktop|exact,google,cpc
ajs-685006e41efbaaff4968680643a90c2d,8/28/2022 5:19:11,dc3ffc08-f111-4c3d-a432-30d2b51f5ef7,5797509922875,email_sign_up,,,8/28/2022 4:19:17,,,
ajs-7f523a1934b08e2881eb8ca5f7062029,8/7/2022 1:19:25,dbc48b41-1bd5-44a9-a812-ebfdb8dc309e,5774361526331,email_sign_up,,,8/7/2022 0:09:35,,,
ajs-7693d6c1cefb1113d3e112b27e90b7f4,8/13/2022 14:19:25,39143f67-d5a9-42b4-b0ed-1b062b2f06ac,5781232779323,email_sign_up,,,8/13/2022 13:07:11,,,
ajs-47b6653b0785d77ff515532a0c23a0eb,8/11/2022 13:19:25,948a3e7c-8d2c-4577-9662-515a6a11c15d,5779040043067,email_sign_up,,,8/11/2022 11:48:50,,,
ajs-42344d43734d9973598614de385f3354,8/18/2022 13:19:10,5ccd2e9f-513b-44dd-a948-ba17d0a8e6b9,5785926467643,email_sign_up,,,8/18/2022 11:54:14,73861,pepperjam,affiliate
ajs-ad4cc99fa15853b34513fd770f37c264,8/6/2022 4:19:24,a9739228-f5dc-4c79-9354-fb4c283d51e3,5773575454779,email_sign_up,,,8/6/2022 4:05:28,,,
ajs-4c91098b374a4ac0bf14c119513c3a27,8/30/2022 19:19:25,8e846756-7831-4c6c-9f61-2a94dafa77e7,5800375975995,email_sign_up,,,8/30/2022 17:49:09,,,
ajs-ced2e185cc74f2991809867e8cd54174,8/10/2022 6:19:10,3d74bee2-1bf9-4c81-8167-4d06958857b5,5777798725691,email_sign_up,,,8/10/2022 5:12:06,,,
ajs-104aea8a789e2dc6a0b43997cbea292f,8/10/2022 12:19:11,69a0eb6e-4edd-4585-a3af-b6757275aa06,5777995530299,email_sign_up,,,8/10/2022 11:42:04,g|search|brand|core|desktop|exact,google,cpc
ajs-63de75d28c69b2d8cbc98d25c9235320,8/10/2022 17:19:26,b23c58b3-82fd-464e-9b0e-d4569f26fb57,5756988391483,email_sign_up,,,8/10/2022 16:39:23,BLST_EML_2022.08.10_SP_Gif_summer-wednesday-SURPRISE50-Leads,Iterable,email
ajs-b15b6cb7cd60810b28804ec4b057da95,8/16/2022 16:19:25,1336aac6-b345-4184-a8fb-344dc2254f5b,7043577421,email_sign_up,,,8/16/2022 15:20:31,,,
ajs-b532a8bc83a89de114519d040b0a69ee,8/18/2022 1:19:25,1fbd3c37-6a1f-4bf5-9474-94b1fe937f02,5252787830843,email_sign_up,,,8/17/2022 23:55:12,BLST_EML_2022.08.17_SP_Long_summer-wednesday-EXTRASET-Segment-Onex,Iterable,email
ajs-74ff7a0c61dee69f9fd3e0ca73c3e78c,8/6/2022 19:19:24,cf2e0c58-22e2-4b88-aa73-47fa7ec88eaa,5774123728955,email_sign_up,,,8/6/2022 18:58:07,g|shopping|smart|newarrivals,google,cpc
ajs-7c57482359bb4d0526c4c51bb249301c,8/31/2022 14:19:09,22c77265-01bc-4235-a69c-7363ee673edc,3402252845115,email_sign_up,,,8/31/2022 13:01:26,,,
ajs-6cb7c5b9ecf13c1866c3d99a1d70b34a,8/15/2022 4:19:25,f89d0962-ace1-4767-bea3-3dfe107690df,3474411323451,email_sign_up,,,8/15/2022 3:22:03,,,
ajs-654ce8355eb39b50ff353fccf2f58dac,8/2/2022 4:19:25,d1559ad7-5658-4c45-9f37-92630c6d9da7,5769249718331,email_sign_up,,,8/2/2022 3:28:58,,,
ajs-c1a10fb83f70c6578e0997a5d256ca88,8/2/2022 4:19:25,aa4d6566-b1d0-4d03-aca1-1daa33eac5fc,5769251061819,email_sign_up,,,8/2/2022 3:29:25,,,
ajs-e8dfcae872243d90eade0a61826788d5,8/21/2022 19:19:25,bfc7e8f2-55d2-405a-9357-23f31abe8e7f,5205193687099,email_sign_up,,,8/21/2022 18:29:12,,,
ajs-326fc593f810d1d8e045b1e074e3b0ba,8/25/2022 20:19:39,467c1a81-a322-4b0a-9fe0-365d0257863d,2656022849,email_sign_up,,,8/25/2022 18:46:11,,,
ajs-ffe95694a9357266540c5eb1c2aae242,8/21/2022 1:19:25,6efedce6-cfa9-47a6-bad8-c01557737a79,5788349890619,email_sign_up,,,8/20/2022 23:43:29,instagram_joelle_fletcher,instagram,influencer
ajs-aeed699c6f42bf80c17c0953b3727369,8/4/2022 12:19:09,399b28e5-19e7-4dda-868d-6bbe2f0691a6,5771506909243,email_sign_up,,,8/4/2022 11:15:13,b|search|brand|plus|desktop|exact,bing,cpc
ajs-cb04a8d5f29fc25be4360e703ff0126d,8/6/2022 14:19:25,879edc44-5e0c-4942-a5da-bea7b118dce7,5773835173947,email_sign_up,,,8/6/2022 13:27:08,,,
ajs-e9d45cdb3039e6b409be8bca9c012003,8/17/2022 1:19:24,b6430830-631f-40cc-84f0-959b820dcc8c,5784703041595,email_sign_up,,,8/17/2022 0:13:07,120661,pepperjam,affiliate
ajs-dad136abb48b3fd0bffaa11ad8b11e3f,8/26/2022 1:19:27,4cc3d32b-9c4a-4bcb-80b0-2091476008bf,5794812461115,email_sign_up,,,8/25/2022 23:53:44,,,
ajs-3899e8d19fc33139aa3c42cf49c5a0c7,8/10/2022 4:19:23,386c42bd-0a31-4c97-b5be-5782c06dfa97,5777759731771,email_sign_up,,,8/10/2022 3:54:18,,,
ajs-810c48effa5e4f3a68177cb5a319600f,8/30/2022 18:19:26,f0199283-40fd-4454-a890-99d39fdca12a,5800368832571,email_sign_up,,,8/30/2022 17:42:26,,,
ajs-488e21f8b9f601266fca4fb9ce434091,8/5/2022 22:19:24,3d2754af-3869-4bc6-860c-cc84db193d12,5773348864059,email_sign_up,,,8/5/2022 21:35:40,,,
ajs-30b4526e02db33dba3bbd0623a1a0482,8/29/2022 18:19:25,6c30afb4-d2a8-4de3-955f-190fa4b44264,5799259603003,email_sign_up,,,8/29/2022 17:17:49,,,
ajs-4b16263d0d9f38b7108863477afb8610,8/24/2022 16:19:25,65655082-8fb9-4744-aef5-f10fe8d9e5ce,5792662683707,email_sign_up,,,8/24/2022 15:45:47,SpringRewardsProgram,Affiliate,AMEX
ajs-4916a06df047288329afcc5e4a3f32ba,8/22/2022 13:19:11,b3f07184-4043-44ae-aa7a-3f4a18684a69,3470582546491,email_sign_up,,,8/22/2022 11:55:04,g|search|brand|core|desktop|exact,google,cpc
ajs-cc82e608fdcb92a06290546ef1192770,8/22/2022 7:19:09,4fdfe90b-395d-4009-af1c-26b5629ec6f2,5789834838075,email_sign_up,,,8/22/2022 6:01:34,,,
ajs-f62a8050051b79db2e3a3fa31bb4b9ec,8/16/2022 2:19:23,f15001b9-5d96-4653-8ed6-4b0d0f2e0e41,5783823188027,email_sign_up,,,8/16/2022 1:52:49,,,
ajs-7c9fa171782adb5742e0e0b88b2e5860,8/31/2022 20:19:27,35903247-00e5-4316-9753-a3b7671145a9,5804289785915,email_sign_up,,,8/31/2022 18:33:41,,,
ajs-62d1c0bee44d8788a4a901d07a8a391a,8/30/2022 23:19:10,5e8fdcc8-696d-4eb1-ab92-f960bd32974c,5763963813947,email_sign_up,,,8/30/2022 22:50:09,,,
ajs-f6f644b8df3056d69161996d5711cfa1,8/6/2022 18:19:39,dd2a0b4e-4d07-4b26-becc-d96e44b72972,5774043971643,email_sign_up,,,8/6/2022 17:29:14,,,
ajs-8d3c00046c06542cea34126c4927461b,8/14/2022 17:19:24,98f01298-7601-44a2-830f-a14156535248,5597789126715,email_sign_up,,,8/14/2022 16:49:44,,,
ajs-4af012adb765c84b2c28b599a9da2e59,8/21/2022 3:19:26,24b4c0a1-16f2-4719-8419-ace5230bd626,5788448292923,email_sign_up,,,8/21/2022 2:41:43,,,
ajs-fb3a97e5fc1fc2994cb7652be1d719ee,8/27/2022 15:19:26,f8766087-43e6-4a37-ae01-3f1811538596,5796827070523,email_sign_up,,,8/27/2022 14:40:44,,,
ajs-94a3b2f59f79b85f5b26ad4b21618572,8/12/2022 0:19:24,45395665-edcb-4370-952b-50f36ef600f3,669562929211,email_sign_up,,,8/11/2022 23:55:01,,,
ajs-50ddb7d85896df4898595e20ab9c39db,8/22/2022 23:19:12,2dd3f904-d33f-4242-b0c8-3cfb913f983d,5790645846075,email_sign_up,,,8/22/2022 22:32:09,,,
ajs-22576b3423286b60fe4f471af0841d37,8/26/2022 0:19:24,f0130213-9634-45c7-8883-9f509b1acffa,5227261591611,email_sign_up,,,8/25/2022 23:46:06,Boll&Branch_Retention_May2022_Content Collective_Brand,Facebook,Social
ajs-fdaaceeb778e0e237c225751a59ddeaa,8/8/2022 10:19:16,ea47bc38-5507-412b-8b70-835c1cb8d28c,5775574761531,email_sign_up,,,8/8/2022 8:48:08,g|search|brand|core|desktop|exact,google,cpc
ajs-7818098ad55d53a7976400cedb63fc12,8/24/2022 18:19:25,47a8b0f1-f1ba-4801-bea1-405f5a6e06db,5678357151803,email_sign_up,,,8/24/2022 17:41:08,BLST_EML_2022.08.27_SP_Test-Copy_summer-wednesday-MORE-Leads-A,Iterable,email
ajs-3765f82040d965052afc7582f3e55746,8/2/2022 23:19:26,6d6b3dbb-c238-490a-b8d8-694155ab838b,2657069505,email_sign_up,,,8/2/2022 22:15:23,,,
ajs-1dbb215b6a841a419570dec83e1b7128,8/18/2022 16:19:27,354a8057-cc17-4434-a956-23b2f449a8d2,5743520251963,email_sign_up,,,8/18/2022 15:49:38,BLST_EML_2022.08.17_SP_Long_summer-wednesday-EXTRASET-Leads,Iterable,email
ajs-a03c9c4ec3793fe719671c509011520e,8/9/2022 14:19:09,26f29567-d781-42a0-859b-dbec2d4fc2cf,5772887523387,email_sign_up,,,8/9/2022 12:56:55,,,
ajs-e27e76bb341ff2ca80b364d067c9837f,8/27/2022 22:19:26,b1626aef-efc7-48f3-b52f-e9c0dfa78c86,3853285523515,email_sign_up,,,8/27/2022 21:29:28,g|search|brand|plus|desktop|exact,google,cpc
ajs-eb2bcf6e479c17f77394af629cd83595,8/12/2022 20:19:23,1fb4ccf4-3c52-4e0c-ac1f-e12b9d13b9be,5780490453051,email_sign_up,,,8/12/2022 19:00:59,,,
ajs-972feccc18e632f6d633b9f53d680d0a,8/3/2022 9:19:10,d914d032-0d9e-41dd-844d-592d94d66f98,5770391519291,email_sign_up,,,8/3/2022 8:20:43,g|search|brand|core|desktop|exact,google,cpc
ajs-78dc88dc9af1f5ac38ea45efa221f9b4,8/7/2022 17:19:23,2654769a-5639-4818-b779-09d036a3c2f5,5774904983611,email_sign_up,,,8/7/2022 16:18:19,Boll&Branch_Prospecting_May2022_CreativeTesting_Brand,Facebook,Social
ajs-bc363cf9b5c30092dd0eea3a24255516,8/3/2022 2:19:39,7c0fa2b7-3f1c-42fa-aef6-58a9c22f8259,5770137468987,email_sign_up,,,8/3/2022 0:35:04,b|search|brand|plus|desktop|bmm,bing,cpc
ajs-60d8da000a6b1748d21bfc718fe4b1b8,8/4/2022 19:19:24,4bccf19c-ae2c-472f-8268-494580b6eefb,5771783176251,email_sign_up,,,8/4/2022 18:34:18,,,
ajs-d4802e96ebce37bfc0ad0494398e54e7,8/8/2022 18:19:25,b7f00dd2-59cd-48f4-bad2-5405d8bba250,5775909552187,email_sign_up,,,8/8/2022 16:53:08,,,
ajs-a9ad0ebe309b12504c8e3341951daa84,8/22/2022 5:19:10,c6576881-9ee3-4e4a-b8cb-d110cc2d02e9,3959405772859,email_sign_up,,,8/22/2022 4:57:42,,,
ajs-8a619d6d6909ddcdc58f4a6755dab40e,8/17/2022 18:19:27,563cb166-e751-4af9-93c4-98a91f484f0b,5785294569531,email_sign_up,,,8/17/2022 17:38:06,,,
ajs-238d02d64aa20f7029d7fc9cd8ccfbdf,8/14/2022 5:19:27,7a2f0a3b-1919-4b57-8504-9b34970a0a99,5781909733435,email_sign_up,,,8/14/2022 4:10:34,177862,pepperjam,affiliate
ajs-5f074e632fabfd18fff64beacf9a2442,8/26/2022 4:19:26,3897b621-3ca6-449c-a8b2-a8c66ca512a4,5794978955323,email_sign_up,,,8/26/2022 3:19:07,,,
ajs-23fb661eff90926169d7167e7733137f,8/5/2022 0:19:25,7e47d868-5da4-4265-af66-5fc8d5767a2d,5649585537083,email_sign_up,,,8/4/2022 22:52:17,b|search|brand|plus|desktop|bmm,bing,cpc
ajs-9107eedf4eb2f644df4e243a5ccb7f6b,8/10/2022 0:38:32,a71ec864-83b0-4d17-80e1-a8ab40c01fe6,6488987085,email_sign_up,,,8/10/2022 0:10:10,g|search|brand|core|desktop|exact,google,cpc
ajs-a5f79d9fc47b55a0c60cfe6a703b3a0c,8/23/2022 23:19:09,374668e1-ba7d-4dd2-aeea-a280db85a3e9,5791925141563,email_sign_up,,,8/23/2022 22:30:19,g|search|nonbrand|core|sheets|desktop|bmm,google,cpc
ajs-e8e2c4c8bb08332f6e75ac24bfc16e67,8/29/2022 0:19:25,1f2b52f2-ae92-411d-912c-7ac214610ba9,5798568427579,email_sign_up,,,8/28/2022 23:45:41,,,
ajs-086b9609ce19553e52b9ffa2b62d70c4,8/15/2022 13:19:08,07139501-1cd9-4834-abf7-0431378e3682,5783090528315,email_sign_up,,,8/15/2022 12:23:35,,,
ajs-ead920ca4f9656455408cafad857f047,8/11/2022 5:19:24,e09991c2-b8d0-4964-b465-af43b2b7bdd2,2601421209659,email_sign_up,,,8/11/2022 4:30:29,,,
ajs-8aa503614ea659f544072f3a9d6210e6,8/26/2022 1:19:27,4841714f-1e9d-4dda-9f08-db06c5936142,3951947808827,email_sign_up,,,8/26/2022 0:32:12,,,
ajs-9ac034c4570b4ee2feaa966392ca834a,8/4/2022 1:19:25,b8178e78-7874-4297-8630-fd9ec8cd5190,5771092197435,email_sign_up,,,8/3/2022 23:33:58,g|search|brand|plus|desktop|exact,google,cpc
ajs-ded680fba13cb6b782bd53ab142815b9,8/17/2022 19:19:27,8efc6b71-dc5a-438d-b0e8-c28c1bda20cd,3421518561339,email_sign_up,,,8/17/2022 18:12:32,,,
ajs-9ddbc2083da93fe1824f39a2e8c490e0,8/31/2022 20:19:27,5529a765-3e20-4241-b024-4bc56a30b9bd,1504625131579,email_sign_up,,,8/31/2022 19:57:28,,,
ajs-f979c35087f3510f0634c187f915de98,8/6/2022 19:19:24,8ced9518-1f8a-499a-9513-58e1354e7eb1,5334781362235,email_sign_up,,,8/6/2022 18:14:25,,,
ajs-a1c809b8e821afeab7abd5735a179ec4,8/24/2022 15:19:25,31b2f5df-14b1-4fc9-9921-2bd977df30a0,5792559169595,email_sign_up,,,8/24/2022 13:33:06,,,
ajs-4985f46c3bb05f37d3fe0d369fa3729f,8/27/2022 15:19:26,f6bcef1c-a1bd-4eb7-b6f3-a1b46df9daab,5605270454331,email_sign_up,,,8/27/2022 14:07:12,BLST_EML_2022.08.27_PF_Long_signature-collection-Leads-2-9AM,Iterable,email
ajs-9d2dbb631ee0a00adbff26078a2c7b77,8/6/2022 22:19:27,f8173272-0f08-4873-bb5e-ccaf85374465,5774244741179,email_sign_up,,,8/6/2022 21:15:11,,,
ajs-a7b84509ad891c6486912af9f57fac31,8/9/2022 17:19:27,03659844-3759-467a-b981-94ab572375d2,5773271072827,email_sign_up,,,8/9/2022 16:44:10,,,
ajs-f779f0aecd55d3e800e9792d01a67d5b,8/15/2022 23:19:28,f89d0962-ace1-4767-bea3-3dfe107690df,3474411323451,email_sign_up,,,8/15/2022 22:48:59,,,
ajs-50085a7e47097c4c3f4e5c63cdb20cb9,8/11/2022 22:19:26,d2b73137-69e3-474b-b8a4-f752f406ebd3,5779500662843,email_sign_up,,,8/11/2022 21:00:13,,,
ajs-0174af7c5e663d384c59ebdd716faee4,8/10/2022 5:19:09,2a5c7ff3-25ed-4649-b232-789208d93f4f,5777791582267,email_sign_up,,,8/10/2022 4:55:18,,,
ajs-1a2647ad4bda0209f080a573a5311169,8/28/2022 18:19:28,0a7781a3-5bd6-460d-8acb-0882b687479b,3841568735291,email_sign_up,,,8/28/2022 17:47:52,,,
ajs-38dbec32a65cb390b1fdcbd0e9c78ee8,8/18/2022 12:19:11,c756a745-f7f5-4f1f-86fc-28ee78121303,5785924829243,email_sign_up,,,8/18/2022 11:50:29,g|search|nonbrand|core|sheets|desktop|bmm,google,cpc
ajs-f759ba2b7df5dcb70e709abf67336735,8/15/2022 12:19:09,0449243a-b1f6-4729-9654-b6458a85d987,5539178053691,email_sign_up,,,8/15/2022 10:57:01,,,
ajs-1ac1d29ba935624949e8e44a773b3fb7,8/9/2022 17:19:27,a2a7d25e-4176-471d-9284-203de18cbfd1,236524404749,email_sign_up,,,8/9/2022 15:36:48,BLST_EML_2022.08.09_PF_Collect_duvet-inserts-Segment-1-9AM,Iterable,email
ajs-c89870dd3dd819b726c5aedfc29e6448,8/18/2022 0:19:25,e213ee14-d766-44cd-83e2-190688b57ec0,5785548619835,email_sign_up,,,8/17/2022 23:27:09,,,
ajs-015ab592a68e0777160ef3703de695ff,8/24/2022 19:19:25,d6c3bacb-6c28-4f52-ba26-f1747c8e37ea,5430309322811,email_sign_up,,,8/24/2022 18:33:38,,,
ajs-1bb06f5cc17b34af071e2a2216d90e09,8/21/2022 13:19:10,3ea559a0-cf62-4315-a13b-a606ff273940,5789103718459,email_sign_up,,,8/21/2022 12:10:54,,,
ajs-a13eefb50ec9c09110140fa7774ea542,8/5/2022 15:19:25,77054219-29e1-4142-b4ac-2cfa0556b98d,3762958663739,email_sign_up,,,8/5/2022 14:38:54,BLST_EML_2022.08.02_PF_Collect_Hero-gif-bath-Segment-4,Iterable,email
ajs-54b6d10c57aa58847fa868a503f02dca,8/28/2022 16:19:27,bb22964f-6788-460b-89d3-14a5b0eb2f01,5798133727291,email_sign_up,,,8/28/2022 15:22:45,,,
ajs-5a2e75b1ff8cba626b5ddc413f9b455a,8/1/2022 23:19:24,27305e7f-a96e-480c-8148-687e7e659045,5769034530875,email_sign_up,,,8/1/2022 22:18:23,g|search|brand|core|desktop|exact,google,cpc
ajs-ef4f3cfaa7214b4ea056086e1b6708ba,8/21/2022 23:19:25,c0e4dc8b-d466-4426-b0a0-b34993c52220,5789588979771,email_sign_up,,,8/21/2022 22:38:20,120661,pepperjam,affiliate
ajs-edc71dd728eae2824737d803c5912681,8/14/2022 16:19:24,9a251f8b-734b-48fa-88c0-0af14ccfe675,5782244786235,email_sign_up,,,8/14/2022 14:51:57,Boll&Branch_Prospecting_April2022_Broad+Lookalike_Influencer,Facebook,Social
ajs-c2568e7289f32e4d64d71516ec3e7c64,8/8/2022 4:19:25,96f2f027-a9f0-4051-98db-88f89369cf47,5775430320187,email_sign_up,,,8/8/2022 3:26:17,,,
ajs-e3b59300f435bfc54716910291c901ba,8/21/2022 18:19:26,9b6f740b-e60d-42df-8316-233ce7a37180,5789336502331,email_sign_up,,,8/21/2022 17:24:16,,,
ajs-059ee3bc9386a228e35934f022d00996,8/27/2022 23:19:25,4d7363f8-12c7-4a95-9d86-131c228783dc,5797269897275,email_sign_up,,,8/27/2022 22:46:05,,,
ajs-51355b675b5a4e4e81d724d03b843a90,8/9/2022 23:19:27,eee31900-80ba-44eb-ac69-7c220cb8efde,5777477369915,email_sign_up,,,8/9/2022 21:34:57,,,
ajs-7804b9ccb0ba7352553beafb36b90435,8/29/2022 3:19:25,6b8f349a-663c-4de5-9f8d-6eef6c92a755,5798696714299,email_sign_up,,,8/29/2022 2:28:11,,,
ajs-1fb62d6608d9ddd33b96b067a238c158,8/18/2022 13:19:10,d1c53a6c-0b40-4bc3-a958-333eb6dbbcc2,5785712656443,email_sign_up,,,8/18/2022 11:58:09,,,
ajs-109a477de28d50e13499685a583c23e8,8/19/2022 19:19:24,58711161-5ed9-4eb9-a1d5-01cea456139c,5787239284795,email_sign_up,,,8/19/2022 18:00:42,,,
ajs-b8453e578167832dfb74a868b7bcc8bb,8/3/2022 23:19:38,d01845ee-36ef-4d50-8d01-e99a29561cd4,1590569336891,email_sign_up,,,8/3/2022 22:08:58,,,
ajs-3b88dcf9f2bace1da2a5fdb6152d43c4,8/5/2022 2:19:26,548fdc39-41bf-4472-829a-e82d71bc4af4,5772522258491,email_sign_up,,,8/5/2022 1:05:23,g|search|brand|core|desktop|exact,google,cpc
ajs-c61cf866bba13a40ebf794c4227f53e9,8/8/2022 0:19:27,4653f4a0-5836-4b27-802b-86ca0e62740b,5775256649787,email_sign_up,,,8/7/2022 23:12:20,g|search|nonbrand|core|sheets|desktop|bmm,google,cpc
ajs-c8d251d13e59a152f01d86da9c7db433,8/16/2022 1:19:27,029488bf-2263-4ace-8c8a-5b46440dba7b,3774350950459,email_sign_up,,,8/16/2022 0:27:49,g|search|brand|core|desktop|exact,google,cpc
ajs-9653f1a63445b1206a2c93118589bc9c,8/13/2022 21:19:25,0ac347b9-841d-40b8-ac48-9004e6fa2891,5738769514555,email_sign_up,,,8/13/2022 20:03:19,,,
ajs-8d616ff5a2090121dd8542c6073a880e,8/20/2022 20:19:53,53d1bd94-1838-4e6b-94ee-8bb921b67a97,1454719107131,email_sign_up,,,8/20/2022 19:30:57,,,
ajs-2f9c94d82aa8b092f51ec23859696e96,8/27/2022 3:19:25,2bd82ffd-8389-48a6-8007-be0450472b10,5525730394171,email_sign_up,,,8/27/2022 3:12:53,,,
ajs-75f9f4aa22f75014c28da282b1bba6a5,8/7/2022 13:19:10,b188b8c1-d0f2-4f91-a16f-1b71a865c4af,5539178053691,email_sign_up,,,8/7/2022 11:46:45,,,
ajs-963e8c4b0c534e213786f7653ae114f4,8/4/2022 0:19:24,8828e187-b90c-4a82-9f7b-39ca8830fb18,5771074961467,email_sign_up,,,8/3/2022 23:10:44,g|search|brand|plus|desktop|exact,google,cpc
ajs-aef4a57493ab3ab65446b9bed53624e7,8/17/2022 20:19:24,33bed5fc-8cb4-4196-9586-26b43f354c09,5785358106683,email_sign_up,,,8/17/2022 19:09:24,,,
ajs-aace4b3aaa1bdde98478cdfed8f58114,8/25/2022 3:19:27,bb69c6a1-304f-47ed-8cdd-e6341459cbc1,5793563443259,email_sign_up,,,8/25/2022 1:56:41,,,
ajs-a29ef20615c8547c4d051be5b50a51c6,8/24/2022 16:19:25,07cd443e-6166-4e1c-a6df-7b35c6827270,5792652066875,email_sign_up,,,8/24/2022 15:32:38,,,
ajs-ea7e9957c6bc027315b6c756a941de77,8/3/2022 6:19:11,6f8f8a8f-7be7-4433-9856-84df5f482148,5770304553019,email_sign_up,,,8/3/2022 5:14:19,,,
ajs-3f30393ca0e2b012127cb731b77de4ae,8/29/2022 19:19:26,4cda81a6-8e7c-4e54-81bb-365f9dc1fe25,5799295352891,email_sign_up,,,8/29/2022 17:55:58,,,
ajs-99e1bedf4099ba5cf0ed9aa8f646d582,8/23/2022 1:19:24,29f5bf91-016e-42e8-9119-f5563cdb5c3c,1033419030587,email_sign_up,,,8/23/2022 0:07:10,,,
ajs-12f1c3154f679b6fc94b35158a5943a0,8/21/2022 0:19:24,352776fd-f696-42ea-81e2-b980bbdc5378,5788347924539,email_sign_up,,,8/20/2022 23:40:24,Boll&Branch_Prospecting_April2022_Broad+Lookalike_Influencer,Facebook,Social
ajs-063d1f46bcca30ee7213f879fc624f10,8/9/2022 4:19:26,e9f3e4f6-b2b7-4f15-aa60-8a7687123a49,5776502095931,email_sign_up,,,8/9/2022 3:45:21,,,
ajs-98a02511622052e5b8044cbdcab9e084,8/4/2022 23:19:25,e04cea66-f5bc-4b09-a869-47cc0e052207,5772315557947,email_sign_up,,,8/4/2022 22:00:55,,,
ajs-6fa21465ed51017c2939c99c5a9f602e,8/16/2022 2:19:23,09f59e40-73e2-4a76-a433-b5e5494a80fc,6892022285,email_sign_up,,,8/16/2022 1:33:14,,,
ajs-158a73eb2808fc0ad7b8869241be4769,8/7/2022 23:19:24,3f885678-66de-4aa2-9e3a-17231a9fbfd0,5775247671355,email_sign_up,,,8/7/2022 23:06:42,,,
ajs-eec57ccf64fe46c817661a04011f9519,8/27/2022 4:19:25,d2ecb558-9bb5-45fc-8425-bf1fb8505962,5796310188091,email_sign_up,,,8/27/2022 3:16:06,,,
ajs-247e0376e2fc97a0d1426151231f62fd,8/20/2022 14:19:24,c0e4ddc4-9f98-42b9-bdbd-354dadd1d2fb,5786928447547,email_sign_up,,,8/20/2022 13:17:44,,,
ajs-a49f94c38b474b4774090dd5c89a044b,8/13/2022 15:19:24,28c1598f-c57a-4bfb-be7a-beca55122e17,5780714291259,email_sign_up,,,8/13/2022 14:22:39,,,
ajs-597d4c289932fed886de56b3efb3d4e7,8/28/2022 15:19:24,49177827-6666-4e81-97e0-090cd1b50f30,5695021416507,email_sign_up,,,8/28/2022 14:59:19,,,
ajs-661e5e362f4b6110c12012c83e31a31e,8/8/2022 13:19:10,255c09e1-113d-4cb7-a115-ba2d2cee9bc4,5756953722939,email_sign_up,,,8/8/2022 12:13:39,,,
ajs-80320e7123e634d189ce3facab03b96a,8/2/2022 22:19:35,4989fed4-0030-45d7-b270-b55808b82d28,5769984966715,email_sign_up,,,8/2/2022 21:11:44,,,
ajs-df81a400a1437fb5e37fba651d7a5659,8/30/2022 0:19:26,aee60964-a215-4c1d-b0cc-463ddb5c0a44,5749483503675,email_sign_up,,,8/29/2022 23:43:24,,,
ajs-1ba0071e99b7c83d67b5abf1ae769fff,8/15/2022 21:19:25,3670bd49-4327-48d7-a838-3db97abbd916,5783580770363,email_sign_up,,,8/15/2022 20:06:46,,,
ajs-dc4c78f2d9ca0f8070bae4f28e54321b,8/24/2022 13:19:11,8aaa4505-9756-476a-9bf6-18780eab5aaa,5792535117883,email_sign_up,,,8/24/2022 12:59:54,,,
ajs-cb4376b9fe10fb257bb00c8cb299ec82,8/22/2022 21:19:54,f218f436-6668-4e63-add5-c9ecc3ecec08,5790515396667,email_sign_up,,,8/22/2022 21:08:22,,,
ajs-b78bdac82a0b223e068f84711857609b,8/2/2022 18:19:25,27bbf4be-d77b-4c09-994d-ad3e64e03fc5,5769799761979,email_sign_up,,,8/2/2022 17:45:07,,,
ajs-18c20f855c442ff99e0df29c52f40cb1,8/11/2022 4:19:24,d51e70cc-fc24-41b7-86cb-8b9612dab725,5778772262971,email_sign_up,,,8/11/2022 2:48:15,120661,pepperjam,affiliate
ajs-bb35128f77dbe9338ee90aadf36d6540,8/3/2022 5:19:10,7df50923-47f2-4568-8831-62cd7b7f8faf,5766368264251,email_sign_up,,,8/3/2022 4:15:20,,,
ajs-148d1ee8b97957a27e080a7095816b8c,8/29/2022 0:19:25,c5ce2f26-7af1-43a2-8a24-23f7a8fca861,4785377869,email_sign_up,,,8/28/2022 23:30:43,,,
ajs-4678f8a4f9fc8e922c7bebb4d5cb6ac1,8/24/2022 2:19:27,1a859c1e-5d98-4fbe-bb07-e6854f01aa35,5792031670331,email_sign_up,,,8/24/2022 1:02:06,,,
ajs-9607b40b02a98e8398424b2929bd653f,8/12/2022 1:19:25,66009755-d78b-4149-a3d3-c40c431b1adc,5416630288443,email_sign_up,,,8/12/2022 1:13:46,,,
ajs-2df74edc1c0f36e086022e6d6e03f96e,8/12/2022 4:19:24,ad0f29a9-660a-4ac2-9a04-83405e1e4f2c,5779780698171,email_sign_up,,,8/12/2022 3:06:44,,,
ajs-94b37df0ab37975ef46d19d59c46dac8,8/24/2022 23:19:26,3214273c-09d1-4dcd-ad8f-3a3165369f9c,5793388363835,email_sign_up,,,8/24/2022 21:40:30,g|search|brand|core|desktop|exact,google,cpc
ajs-3831ed4fadc709f379882e8a0de827a3,8/10/2022 18:19:23,65c898df-30fd-406e-8f6f-74fa272b4247,5747705118779,email_sign_up,,,8/10/2022 16:52:22,,,
ajs-6cbb30419575c974cab391337fab0055,8/22/2022 1:19:24,0eecafb7-53fd-4afd-acfa-883c94e49459,5789675651131,email_sign_up,,,8/22/2022 0:54:44,,,
ajs-98eb84d5f3ae65ba34e18abc32114984,8/8/2022 8:19:08,85888659-3297-49f8-9483-6f619cd24385,5693487022139,email_sign_up,,,8/8/2022 7:39:42,,,
ajs-6e13c9d0896a1d66e3d49ec3042bdf0b,8/23/2022 15:19:26,aaf11e71-4e1b-447c-aeda-6f61a493615e,5791310053435,email_sign_up,,,8/23/2022 13:50:04,BLST_EML_2022.08.23_PF_Long_pillows-Segment-3,Iterable,email
ajs-908b4dad6dfff40f59770d484854c188,8/16/2022 11:19:10,651a9b89-1928-4cb6-9c31-a4eefe92d360,5123872849979,email_sign_up,,,8/16/2022 10:32:08,,,
ajs-975d9c2194863eb29d0247f003bb2be7,8/2/2022 19:19:24,1520fbdd-c1f4-475e-85e9-31afaa5aa9ba,5769799204923,email_sign_up,,,8/2/2022 17:43:17,b|search|brand|plus|desktop|bmm,bing,cpc
ajs-808270a2c0364f163c6279a626aadf37,8/31/2022 18:19:25,218e6135-c645-4623-a756-4ff1318e0af3,5573278728251,email_sign_up,,,8/31/2022 17:14:55,,,
ajs-684a75ae0428729c22e81baa5bf4d894,8/25/2022 5:19:24,bb4f4e7f-8da3-45a7-9eae-a2bfe580d3a7,5793649590331,email_sign_up,,,8/25/2022 4:19:17,,,
ajs-98a22c67d9f055f77aff7889e1184b26,8/27/2022 13:19:08,4c007f81-33b0-45c7-833f-acc9d0ed7a10,1142782033979,email_sign_up,,,8/27/2022 12:24:24,,,
ajs-5caf294f1bc1d69e7de192ca2356401d,8/14/2022 20:19:26,a60b2906-7f88-4199-9919-f6cdf0c1f217,5782476881979,email_sign_up,,,8/14/2022 19:18:59,,,
ajs-f779757634e8259cf58f999e6711b4d0,8/6/2022 3:19:09,1c7468a6-6bd3-4026-a676-5655e7f9e540,149304868877,email_sign_up,,,8/6/2022 1:50:10,,,
ajs-da2674fce24a3f81d123c2bd9c1f1720,8/5/2022 21:19:25,65b6af65-51e1-493e-88c3-95289dc64d9a,5773296107579,email_sign_up,,,8/5/2022 20:28:04,g|search|brand|core|desktop|exact,google,cpc
ajs-0f5f338e2780b576e78433b5ef0d4b8e,8/2/2022 13:19:25,b2bc6bb4-13d6-4f82-8e21-d0d48898e62e,5769550561339,email_sign_up,,,8/2/2022 12:53:07,,,
ajs-c19b1a7780827003e4eaff795cd1dc34,8/14/2022 17:19:24,aef2e172-303b-4f3e-af97-cf7648c8caef,3837670981691,email_sign_up,,,8/14/2022 15:50:26,,,
ajs-68d6b36b0bc50617db0021c91bf0f0a7,8/22/2022 19:19:39,4df287ef-066e-413c-9f52-aabc935e0947,5288950104123,email_sign_up,,,8/22/2022 17:55:20,,,
ajs-c1bfe7fdfb79f07e8f3b549f4657c493,8/29/2022 19:19:26,bc849754-6fee-4981-ae60-369f3cdf03eb,5799307509819,email_sign_up,,,8/29/2022 18:09:08,g|search|brand|core|desktop|exact,google,cpc
ajs-40c348d40901346e1567055312f6cc5e,8/17/2022 0:19:25,093b2add-0a1e-43d8-9a82-787491a40ada,5784632590395,email_sign_up,,,8/16/2022 22:25:00,21181,pepperjam,affiliate
ajs-cd7a0f6da243cdacf2931cc045fa1bde,8/18/2022 17:19:25,21467c18-d2db-478e-b391-8cf41216e23f,5786087751739,email_sign_up,,,8/18/2022 15:50:56,,,
ajs-5fd8d18b529588dbac3e4e4d7c647c4a,8/23/2022 3:19:26,7c329521-48ed-4e36-b4ce-8556f6e490fa,5790876237883,email_sign_up,,,8/23/2022 2:07:02,,,
ajs-5ae1ee5f3e164ea42bc570da599c3ac4,8/1/2022 16:19:26,ded80a26-9914-435d-bcfd-3096de3c66e3,5768501526587,email_sign_up,,,8/1/2022 15:35:48,g|shopping|smart|newarrivals,google,cpc
ajs-dd5ed013a89840d87f6db9ee82763e16,8/17/2022 11:19:10,5900f980-dee7-46c0-a31c-64b687bdcc3d,5784978096187,email_sign_up,,,8/17/2022 9:45:55,Boll&Branch_Prospecting_May2022_CreativeTesting_Brand,Facebook,Social
ajs-57266841e2816eb563e723210bc1b213,8/11/2022 21:19:28,42b3ce12-71a5-4e9b-a821-aba8f6c47311,5658361626683,email_sign_up,,,8/11/2022 19:25:43,g|search|brand|core|desktop|exact,google,cpc
ajs-9a8ab80b76c8eb1a819da042644a3ff2,8/31/2022 22:19:25,0b54e83f-87fb-4bd0-bdc7-8fa7819e3d53,5804750143547,email_sign_up,,,8/31/2022 21:30:28,,,
ajs-028218a002a6b3c411a33a8625567d37,8/3/2022 2:19:39,417838bd-50cb-4760-b877-91509c0d9eb7,5197453787195,email_sign_up,,,8/3/2022 1:06:18,,,
ajs-15bf346e700c6734602449f9c0e3e617,8/8/2022 3:19:24,71a2c5b6-b566-480c-ab26-8485ea0f67a2,5775376777275,email_sign_up,,,8/8/2022 2:08:43,,,
ajs-26ba344c51453fd0c2375cef9c11b079,8/7/2022 21:19:23,edc2d123-1803-4032-8733-4e32dc1a48bf,5775090778171,email_sign_up,,,8/7/2022 19:43:56,,,
ajs-f4009daaa17bfb9e4031589d9792b28a,8/6/2022 7:19:11,f31537cd-42d4-4937-9d86-cfb46a4fa0cb,5773612023867,email_sign_up,,,8/6/2022 5:34:49,,,
ajs-130c2f98f7e06f4209153eeb95cd7563,8/10/2022 5:19:09,b8e81226-6a78-49eb-b525-7ee180d1a724,5777739481147,email_sign_up,,,8/10/2022 3:23:09,,,
ajs-f65d822baaec41ce813039a627c1a39a,8/27/2022 15:19:26,57efb5a4-6ded-4d3f-9b5d-5c95b5cad978,5796809113659,email_sign_up,,,8/27/2022 14:15:48,,,
ajs-ed3598b03d088ffe8621a089d1365281,8/8/2022 3:19:24,5744f89d-3368-4511-ae3a-816d71ccd012,5756050079803,email_sign_up,,,8/8/2022 1:56:06,,,
ajs-9ea7c0b256d9a70662721468281b608a,8/9/2022 1:19:27,9044f4e9-1ceb-49d3-97df-1cdb64ee3655,5776515366971,email_sign_up,,,8/9/2022 0:22:58,,,
ajs-45e25a907df2fd2607d8e3307e2e110a,8/30/2022 6:19:09,b7ad5b48-d5ea-427d-b612-f9a9a6be695b,2657036673,email_sign_up,,,8/30/2022 4:32:03,,,
ajs-cdbfad5b8d166eccc1afb7869f22bfbd,8/22/2022 2:19:24,6c6a35ff-c074-4bc9-8946-3e781faaf914,5789684793403,email_sign_up,,,8/22/2022 1:11:21,,,
ajs-4ae3fa498473abd62aba5eaf75d8fba3,8/4/2022 22:19:25,ec3e0a39-b50a-49a7-9e81-475f311d6aff,5772199329851,email_sign_up,,,8/4/2022 21:33:00,,,
ajs-8d5a97909a41b1a0131f0185d4437452,8/14/2022 21:19:26,364c17d3-093b-4f88-aabb-8f1907f4dbbe,3892819689531,email_sign_up,,,8/14/2022 20:19:48,,,
ajs-de1720b24b23a19e22c1e6bd02d13455,8/1/2022 16:19:26,982da322-f5a3-4e8b-b557-f496607e2332,5133453623355,email_sign_up,,,8/1/2022 15:06:02,,,
ajs-dcaa737e7fa8c34dc817d0ec0f14ca53,8/3/2022 11:19:11,5269400e-3a34-48a7-b8a6-05c5ba43aad2,5770427564091,email_sign_up,,,8/3/2022 9:35:27,,,
ajs-a546c99ad07e2213c059081d77e04012,8/16/2022 2:19:23,f00b5f1b-0658-470b-80d5-b366f8a881f0,5783797137467,email_sign_up,,,8/16/2022 1:13:33,g|search|nonbrand|sheets|desktop|bmm,google,cpc
ajs-477d2fd37dc20a96f7e72902bb27c7c5,8/22/2022 3:19:27,a2848dcf-4f75-43be-935c-cb6317a8693a,5789721395259,email_sign_up,,,8/22/2022 2:04:30,Boll&Branch_Prospecting_May2022_CreativeTesting_Brand,Facebook,Social
ajs-3a1f8922a616d9435741a5834c3c5bce,8/4/2022 15:19:25,89c0ba6f-6669-4db3-8309-ed034af81f93,5693487022139,email_sign_up,,,8/4/2022 13:32:27,,,
ajs-0dbfa8ae4996a277e2955f9489f415a6,8/28/2022 3:19:24,b536979f-83f7-4cb3-9fba-a8e8fec93342,5797436063803,email_sign_up,,,8/28/2022 2:08:10,,,
ajs-43671098d720ec6af58da33b9d480418,8/24/2022 23:19:26,71a409d4-6b0c-499b-971a-0ce0d6dd3799,5793443151931,email_sign_up,,,8/24/2022 22:51:46,,,
ajs-cb7e7363bf17a950494b03d495dbf0a9,8/21/2022 21:19:25,c0111902-5882-443e-915a-17d155b6b731,5789501947963,email_sign_up,,,8/21/2022 20:41:25,,,
ajs-411c9a740b33d1f5330f79d288501b06,8/5/2022 23:19:11,29b67325-b98c-4eb9-84a9-86da3213eb53,3317554113,email_sign_up,,,8/5/2022 22:40:02,g|search|brand|core|desktop|exact,google,cpc
ajs-6091c560824f050cdc5501f3b5f8d00c,8/14/2022 18:19:25,7fca3b10-615a-43af-9c98-25fa60c83ca4,5782363242555,email_sign_up,,,8/14/2022 17:04:41,,,
ajs-603641d8fa003671adb8b84b2ba81acb,8/20/2022 15:19:24,6651aa00-168d-4d98-bc2f-1a9328b5f778,3767950082107,email_sign_up,,,8/20/2022 14:19:12,g|search|brand|rlsa|core|desktop|exact,google,cpc
ajs-e5d9a22f75f65fbd935284c52fc9857f,8/14/2022 20:19:26,02ae67a4-8e1d-476e-8e37-2180851b569f,3784390049851,email_sign_up,,,8/14/2022 20:05:00,,,
ajs-206cfae0d809f744d5803ee8fbe47a3c,8/16/2022 2:19:23,6c998d82-1574-4055-983b-a1253ea6dc6d,729514967099,email_sign_up,,,8/16/2022 0:57:33,,,
ajs-d4e8ba306032ec2e6fefb675470ea99a,8/14/2022 19:19:26,4bf1ef17-a4a4-4491-bc12-091c240428d7,5782429499451,email_sign_up,,,8/14/2022 18:22:29,g|search|brand|core|desktop|exact,google,cpc
ajs-0d78fc183aaa58aa4e643d80f01124ab,8/16/2022 12:19:09,4199356e-5e09-4b0d-9142-263217ee068e,5738260496443,email_sign_up,,,8/16/2022 11:26:35,,,
ajs-d926f66009d719354948bd96b4491b5a,8/26/2022 4:19:26,3829b1c6-21ce-4d26-8656-80a18fadfbee,5794995732539,email_sign_up,,,8/26/2022 3:44:02,204620,pepperjam,affiliate
ajs-af4def3962a86519851dcf8bb9e64daf,8/11/2022 17:19:25,e4d623be-7476-4f07-ad68-6c1a32ebb33e,3867049066555,email_sign_up,,,8/11/2022 16:17:06,,,
ajs-187af88d1bded8eb74f3256d66ea0f10,8/19/2022 15:19:10,f058094f-0200-4a57-9130-1733d01a7d9a,5191100792891,email_sign_up,,,8/19/2022 13:59:49,,,
ajs-46c2bf33aa66e45dd9e5080fa49cde94,8/22/2022 4:19:26,159dcbc5-5924-4092-81a6-703ec5f1a2c8,5789777395771,email_sign_up,,,8/22/2022 3:58:21,,,
ajs-8e99f63ecc08a690a3ddfe59e647cae8,8/24/2022 6:19:09,8215a110-bfab-4440-bf27-66471db7b654,5792153796667,email_sign_up,,,8/24/2022 4:32:24,,,
ajs-0b2583bcdd5e4a38c510ad81bd1a8a99,8/13/2022 19:19:25,ad9ac22d-4fdf-4655-8043-d5f601fe31e3,5781498724411,email_sign_up,,,8/13/2022 18:19:38,,,
ajs-953c43a517a63c0b593f19a359fb6be1,8/1/2022 18:19:26,e0c0eeaa-a6ac-4606-9060-aaa215d339b6,5703326367803,email_sign_up,,,8/1/2022 17:15:23,,,
ajs-9401d4ffcfed257ab83bd7adbe8d6ed9,8/28/2022 17:19:25,41b94e87-49a5-4b19-a569-46064c60332d,2657103617,email_sign_up,,,8/28/2022 15:31:33,,,
ajs-6a7eb88e63d38463bb35c7a7440983c7,8/18/2022 0:19:25,cb1e2ef5-136f-41ad-b2cb-c732b6a4a4f4,5785529843771,email_sign_up,,,8/17/2022 22:54:56,g|search|nonbrand|core|sheets|desktop|exact,google,cpc
ajs-9db639086d65d81aa7d1da1201918468,8/14/2022 16:19:24,101ea59d-9e37-4e52-a2a6-ac9193af8a6c,5782261661755,email_sign_up,,,8/14/2022 15:12:32,,,
ajs-89a4b441daffd29ac2aa855b73c52308,8/7/2022 3:19:25,a32d7e49-dd71-4ac2-9201-4b2673b7808c,5774444986427,email_sign_up,,,8/7/2022 2:34:55,,,
ajs-771ef2cda562dfdbd2feb0981c991d59,8/22/2022 19:19:39,550a5ef2-f647-4879-8c35-9ccb85b706f2,3993253707835,email_sign_up,,,8/22/2022 18:24:07,,,
ajs-6d07ec6ce3babe8778c248efaa2f2258,8/31/2022 6:19:11,7ea8ef88-d288-4a6e-b8bd-7aadd92f37f3,5803621744699,email_sign_up,,,8/31/2022 6:00:34,g|search|brand|plus|desktop|exact,google,cpc
ajs-c88c6bfad61f260d560e14b92582773f,8/14/2022 6:19:11,40c31835-f3c7-4cde-a4f7-33a808da7b18,5781920284731,email_sign_up,,,8/14/2022 4:32:04,,,
ajs-daaf1ea1f74547154d11bf2611be1983,8/1/2022 2:19:26,a5bcce98-3e13-41b1-9045-a8deffd72c98,5767868186683,email_sign_up,,,8/1/2022 0:48:20,,,
ajs-949636d8d009a7463570fbe0c692c0af,8/24/2022 21:19:25,4092268b-f5e3-4830-b943-631c31c62ed7,5792903725115,email_sign_up,,,8/24/2022 20:01:19,Boll&Branch_Prospecting_May2022_CreativeTesting_Brand,Facebook,Social
ajs-edbf511800a6c5f07461eba0e19725ee,8/24/2022 19:19:25,5f1f039a-cfe0-48ef-91c0-83ca91db4352,2649274817,email_sign_up,,,8/24/2022 17:55:12,,,
ajs-3d15d07b90308a469d3778507b26cff0,8/5/2022 1:19:25,8ef6aa83-b754-4b5a-8b9a-f61f3c472a07,5772506562619,email_sign_up,,,8/5/2022 0:39:54,g|search|nonbrand|core|sheets|desktop|bmm,google,cpc
ajs-7c2e02b4ec02623429a1ac8c4366e86d,8/26/2022 18:19:25,3daca1f9-6f7c-4a73-b1e4-4d14ad829689,972264013883,email_sign_up,,,8/26/2022 17:31:49,,,
ajs-bcf60ec57304b17f5529ec3ead8984ec,8/27/2022 3:19:25,8352f71e-3fbe-4982-8529-3f7bbaed4ff1,5796289937467,email_sign_up,,,8/27/2022 2:35:00,,,
ajs-c6a14fbe5925674e238b4f55a2318963,8/3/2022 23:19:38,43806f83-1586-4f85-9a4c-ed89f15c755f,5758954242107,email_sign_up,,,8/3/2022 22:12:00,,,
ajs-70c12d910240614db8b9c219589196ec,8/20/2022 16:19:25,afc4e657-5e1f-4ee8-ab0f-9b86b6b0b4a8,1693907189819,email_sign_up,,,8/20/2022 15:57:40,,,
ajs-352c790de2461bbd82bd8437bdd17c6d,8/13/2022 20:19:24,eef5b6bb-c8a2-415d-8202-9da5ec86da8f,5781508194363,email_sign_up,,,8/13/2022 18:30:11,73861,pepperjam,affiliate
ajs-4ee327a64735d0dfe12c6d8609145de9,8/8/2022 3:19:24,3332aaa4-6d04-42bd-a548-35864139699b,5775405056059,email_sign_up,,,8/8/2022 2:47:50,,,
ajs-b377a91b9f56d52ec090476e19cba2b5,8/21/2022 20:19:24,84ee5ece-6aff-4a40-9f78-4552c4b4b775,5756062171195,email_sign_up,,,8/21/2022 18:57:21,,,
ajs-698bc8a777b5aed9d1e0a11124b2e4dd,8/12/2022 19:19:24,eb112ce9-fca8-40a9-9f3a-7a1ed7a34b0c,5285687328827,email_sign_up,,,8/12/2022 17:57:27,,,
ajs-1f60cfa8dc6458ab77b71554f6c3a6f9,8/22/2022 4:19:26,7545f8bc-8316-473a-8437-5e65553115e4,5789770448955,email_sign_up,,,8/22/2022 3:31:45,g|search|nonbrand|sheets|desktop|bmm,google,cpc
ajs-0c43d0b333427efedf1e39e1f8487f9a,8/10/2022 18:19:23,fa5ab8b4-ef5f-4a9c-8d6c-cf80c8028d63,6260287245,email_sign_up,,,8/10/2022 17:41:25,,,
ajs-a410768bca5a6b5320c24c44e33f4efc,8/5/2022 14:19:11,df97ce52-76da-4556-b6d9-39d5ea209c22,5772921176123,email_sign_up,,,8/5/2022 13:18:56,,,
ajs-45bd07635b367026458869dad0269f34,8/15/2022 1:19:25,62160d0c-2a7b-4a03-909c-553e80e9174a,3358769283131,email_sign_up,,,8/15/2022 0:53:27,,,
ajs-c9060c90d1a272dae3a98ba3cbcc694c,8/1/2022 1:19:24,6aba1430-725e-4614-a7a0-7e3510d15df7,5759173492795,email_sign_up,,,8/1/2022 0:47:46,,,
ajs-32467a585d3b45716d262a56ccc92d8c,8/17/2022 20:19:24,1137483e-1efb-4238-9276-85c4d2008c07,5283891183675,email_sign_up,,,8/17/2022 19:33:42,,,
ajs-ca8784e3bbc9d4a302588c5a44231058,8/5/2022 0:19:25,ab67b3e3-b408-47fe-9421-7e07c679e587,5772469600315,email_sign_up,,,8/4/2022 23:37:49,g|search|nonbrand|sheets|desktop|bmm,google,cpc
ajs-d7d4edcd6d16e9f771b9b1cb4ffc4288,8/23/2022 15:19:26,0803bafd-1b28-4334-bff2-e8f6338853c2,5697921384507,email_sign_up,,,8/23/2022 14:14:43,,,
ajs-c9e8162154a3df819532fc440b358253,8/10/2022 2:19:28,963a1614-8454-4b8b-b4cf-7674a1b265a1,5693487022139,email_sign_up,,,8/10/2022 0:32:25,,,
ajs-c6d1bea362606b6d7e3bc3e5807e45f2,8/24/2022 16:19:25,1fb280ed-2083-4b8f-a74a-e834354f833f,3311552705,email_sign_up,,,8/24/2022 14:42:50,,,
ajs-a70851ff78dce1b701eb591ae515beb1,8/20/2022 22:19:24,8601a286-59ac-493d-b3b9-72ce64ff17a1,5491230081083,email_sign_up,,,8/20/2022 21:11:12,,,
ajs-300b8aa6b4843d9520769fe9c1968b9b,8/26/2022 17:19:28,a1b66c39-fbbb-4035-a7ca-025cc50a341f,5795520938043,email_sign_up,,,8/26/2022 15:44:39,Boll&Branch_Prospecting_May2022_ContentCollective_Brand,Facebook,Social
ajs-619b1c76be7363eb16a0f7c5410938d7,8/11/2022 16:19:24,104d4dfb-19b9-4e82-8bf1-119ee802530c,5779228196923,email_sign_up,,,8/11/2022 15:48:49,,,
ajs-952f5974233bcbfdfc1295416d7a81d1,8/20/2022 22:19:24,623f6ad3-4ba5-4090-8cfd-b2a741c55db8,5386868097083,email_sign_up,,,8/20/2022 21:43:55,,,
ajs-bee74e17bdea7462317cdd62fdd0c255,8/6/2022 6:19:11,fa39b338-b14e-431f-a01a-d7419392a854,5773508313147,email_sign_up,,,8/6/2022 4:51:00,,,
ajs-11934b97cbd53504d238283050995fbf,8/16/2022 0:19:27,00446362-5bb5-4e7a-9317-5a41d9f2842d,5369078284347,email_sign_up,,,8/15/2022 23:13:36,b|search|brand|plus|desktop|exact,bing,cpc
ajs-d1bcb94b4ae5d87870c7278969db3a51,8/24/2022 17:19:26,aad2a053-d207-41c6-9f04-f93db2402d18,5792668352571,email_sign_up,,,8/24/2022 15:53:12,g|search|brand|core|desktop|exact,google,cpc
ajs-728ea25d356fed1637557401fc8a6b7a,8/27/2022 22:19:26,8014d01f-510a-42ed-b712-35a24346a702,5797168382011,email_sign_up,,,8/27/2022 21:01:59,,,
ajs-c0ad169e9ce7944b8c3ce7c4acce12ce,8/3/2022 13:19:11,6968fc66-e190-4a9e-931a-59b3e939c088,5768025243707,email_sign_up,,,8/3/2022 12:36:06,,,