product_id,product_loaded_at,product_category,product_created_at,prodcut_updated_at,product_title,variant_id,variant_sku,variant_title,variant_created_at,variant_updated_at,variant_option1,variant_option2
5972011521,2/1/2022 1:59:44,Gift Card,5/4/2016 19:47:32,2/1/2022 1:40:13,Digital Gift Card,30249566011451,EGIFTCARD250,$250,9/24/2019 10:57:01,2/1/2022 1:37:11,250,
5972011521,3/18/2021 15:02:47,Gift Card,5/4/2016 19:47:32,3/18/2021 14:55:01,Digital Gift Card,30249046245435,EGIFTCARD050,$50,9/24/2019 4:03:02,3/18/2021 14:53:20,50,
4327690403899,11/7/2019 21:45:41,White Goods,11/7/2019 18:48:51,11/7/2019 21:01:38,Mattress Topper,31072525647931,BBMTOPQ,Queen,11/7/2019 19:51:53,11/7/2019 21:01:04,,
1489352491067,12/17/2020 13:31:51,Mattress,8/23/2018 18:33:12,12/17/2020 13:26:45,The Mattress,33307944976443,BBMMATTK2,King,4/13/2020 12:51:27,12/17/2020 13:20:51,,
4399160754235,6/2/2021 13:30:50,White Goods,1/2/2020 16:47:22,6/2/2021 13:22:06,The Mattress Protector,31415445291067,PMPSSWTTX,Twin XL,1/2/2020 16:54:33,6/2/2021 13:22:06,,
4399160754235,4/12/2021 0:06:25,White Goods,1/2/2020 16:47:22,4/11/2021 23:57:26,The Mattress Protector,31415445258299,PMPSSWTTW,Twin,1/2/2020 16:54:33,4/10/2021 20:28:03,,
4399160754235,7/30/2022 21:36:02,Mattress Protector,1/2/2020 16:47:22,7/30/2022 21:26:11,The Mattress Protector,31415445356603,PMPSSWTQ,Queen,1/2/2020 16:54:33,7/30/2022 13:24:32,,
4399160754235,5/29/2021 21:03:37,White Goods,1/2/2020 16:47:22,5/29/2021 20:30:25,The Mattress Protector,31415445422139,PMPSSWTCK,California King,1/2/2020 16:54:33,5/28/2021 18:04:45,,
4399160754235,11/24/2021 21:58:49,Protectors,1/2/2020 16:47:22,11/24/2021 21:45:49,The Mattress Protector,31415445422139,PMPSSWTCK,California King,1/2/2020 16:54:33,11/24/2021 21:05:00,,
4399160754235,5/10/2020 1:03:34,White Goods,1/2/2020 16:47:22,5/10/2020 0:26:43,The Mattress Protector,31415445356603,PMPSSWTQ,Queen,1/2/2020 16:54:33,5/9/2020 1:16:01,,
1489352491067,7/27/2020 15:06:32,Mattress,8/23/2018 18:33:12,7/27/2020 14:30:22,The Mattress,13810793545787,BBMMATTCK1,DO NOT SELL California King,8/23/2018 18:51:56,6/2/2020 18:17:07,,
5502688193,2/7/2022 7:36:44,Bath,3/22/2016 18:18:40,2/7/2022 7:02:13,Plush Hand Towels (Pair),32623948791867,TTWLHDNTDUNE,Dune,3/9/2020 17:52:20,2/7/2022 7:02:13,,
5502688193,12/1/2021 19:03:10,Bath,3/22/2016 18:18:40,12/1/2021 18:55:20,Plush Hand Towels (Pair),34394670334011,TTWLHDRSTNSH,Shore,1/8/2021 22:54:45,12/1/2021 7:05:38,,
4560054976571,4/21/2021 2:10:17,Bath,2/19/2020 19:28:54,4/21/2021 1:40:40,Plush Bath Mat,32236724027451,ABMTSWTO,White,2/19/2020 19:30:08,4/21/2021 1:38:06,,
6849056931899,6/21/2022 5:35:23,Fabric Swatch,5/5/2022 15:13:34,6/21/2022 5:15:26,Reserve Swatches,40344582619195,SWARSTCHWT4X4,White,5/5/2022 15:13:34,6/21/2022 3:18:03,,
6849056931899,6/20/2022 3:35:10,Fabric Swatch,5/5/2022 15:13:34,6/20/2022 3:25:22,Reserve Swatches,40344582783035,SWARSTCHTW4X4,Twig,5/5/2022 15:13:34,6/20/2022 3:25:22,,
6849056931899,6/9/2022 3:05:10,,5/5/2022 15:13:34,6/9/2022 2:49:46,Reserve Swatches,40344582684731,SWARSTCHOAK4X4,Oak [hiden],5/5/2022 15:13:34,5/18/2022 18:29:54,,
5502687553,12/15/2019 2:38:46,Bath,3/22/2016 18:18:34,12/15/2019 2:12:00,Plush Bath Towel,31640384461,TTWLBTNTDUNE,Dune,2/9/2017 17:14:37,12/9/2019 20:20:53,,
5502687553,12/14/2019 2:12:15,Bath,3/22/2016 18:18:34,12/14/2019 1:38:20,Plush Bath Towel,21949167361,TTWLSTRSTNWT,White,7/15/2016 3:00:51,12/14/2019 1:38:20,,
6957717249,11/12/2019 6:02:45,Bath,7/15/2016 2:47:08,11/12/2019 5:50:05,Plush Bath Sheet,21948915649,TTWLBSRSTNNV,Navy,7/15/2016 2:47:08,9/24/2019 5:04:42,,
8375779329,9/12/2019 2:09:17,Bath,11/2/2016 14:01:21,9/12/2019 1:27:11,Bath Towel Set,33242603981,TTWLBUNDLEIV,Ivory,3/1/2017 15:25:47,4/19/2019 16:13:00,,
8376909121,9/21/2019 18:44:03,Bath,11/2/2016 16:13:14,9/21/2019 18:12:53,Bath Sheet Set,33252740685,TSHTBUNDLESH,Shore,3/1/2017 17:42:07,4/19/2019 16:13:00,,
5502688577,9/20/2019 21:03:01,Bath,3/22/2016 18:18:46,9/20/2019 20:41:40,Washcloths (Pair),17979759297,TTWLWCRSTNSH,Shore,4/26/2016 14:38:40,4/19/2019 16:12:56,,
6658942402619,8/11/2022 23:58:48,Fabric Swatch,9/17/2021 16:43:22,8/11/2022 23:55:43,Percale Hemmed Fabric Swatch,39640399872059,SWAPRHTCHIVR4X4,Ivory,9/17/2021 16:43:22,8/11/2022 15:18:56,,
6552501944379,6/8/2021 13:31:39,Bath,3/24/2021 18:48:45,6/8/2021 13:25:45,Waffle Terry Bath Towel Set,39305054781499,TBTWTWAFBTSSTN,Stone,3/24/2021 18:50:08,6/8/2021 6:08:16,,
6552502796347,7/16/2022 19:33:34,Bath,3/24/2021 18:51:38,7/16/2022 19:11:00,Waffle Terry Bath Sheet Set,39305055699003,TBTWTWAFBSSWT,White,3/24/2021 18:52:44,7/16/2022 16:19:02,,
6552501944379,5/26/2022 22:00:47,Bath,3/24/2021 18:48:45,5/26/2022 21:29:17,Waffle Terry Bath Towel Set,39665261740091,TBTWTWAFBTSMNML,Mineral,10/5/2021 19:55:58,5/25/2022 6:04:56,,
6635969871931,2/20/2022 15:03:33,Bath,7/23/2021 13:14:09,2/20/2022 14:35:46,Oversized Plush Bath Mat,39553257144379,TBTTRPSLBMSTNOS,Stone,7/23/2021 13:14:10,2/20/2022 6:37:41,,
4633320915003,7/28/2022 12:05:37,Bath,3/10/2020 13:40:32,7/28/2022 11:47:00,Spa Bath Towel Set,32645774868539,BBTTSPWM,Pewter,3/10/2020 13:42:18,7/28/2022 7:03:26,,
4633320915003,7/24/2022 16:34:58,Bath,3/10/2020 13:40:32,7/24/2022 16:08:05,Spa Bath Towel Set,39366828949563,TBTTRSPBTSLVPML,Spruce [hidden],5/5/2021 15:11:35,7/21/2022 20:38:55,,
6658942435387,4/6/2022 2:05:19,Fabric Swatch,9/17/2021 16:43:23,4/6/2022 1:31:25,Signature Hemmed Fabric Swatch,39640400232507,SWASGHTCHSTN4X4,Stone,9/17/2021 16:43:24,4/5/2022 23:07:58,,
6658942435387,7/20/2022 18:34:16,Fabric Swatch,9/17/2021 16:43:23,7/20/2022 18:25:31,Signature Hemmed Fabric Swatch,39640400101435,SWASGHTCHMN4X4,Mineral,9/17/2021 16:43:23,7/20/2022 18:21:02,,
6658942435387,2/18/2022 15:33:09,,9/17/2021 16:43:23,2/18/2022 15:03:53,Signature Hemmed Fabric Swatch,39640400134203,SWASGHTCHNT4X4,Natural,9/17/2021 16:43:23,2/18/2022 15:03:53,,
6658942435387,2/22/2022 15:03:59,,9/17/2021 16:43:23,2/22/2022 14:48:02,Signature Hemmed Fabric Swatch,39640400166971,SWASGHTCHPW4X4,Pewter,9/17/2021 16:43:24,2/22/2022 1:03:29,,
8375779329,2/12/2022 7:29:50,Bath,11/2/2016 14:01:21,2/12/2022 7:02:31,Plush Bath Towel Set,33242603917,TTWLBUNDLENU,Natural,3/1/2017 15:25:47,2/11/2022 19:02:34,,
8375779329,2/12/2022 2:59:48,Bath,11/2/2016 14:01:21,2/12/2022 2:35:15,Plush Bath Towel Set,34394663682107,TTWLBUNDLESH,Shore,1/8/2021 22:41:44,2/11/2022 23:08:05,,
5502688577,1/29/2022 21:29:07,Bath,3/22/2016 18:18:46,1/29/2022 20:57:46,Plush Washcloths (Pair),34394670891067,TTWLWCRSTNPL,Pewter,1/8/2021 22:58:14,1/26/2022 20:18:41,,
5502687553,11/26/2020 22:02:47,Bath,3/22/2016 18:18:34,11/26/2020 21:50:17,Plush Bath Towel,32623128739899,TWBTTSBLO,Mineral,3/9/2020 16:32:28,11/26/2020 21:45:11,,
6957717249,11/24/2020 23:30:16,Bath,7/15/2016 2:47:08,11/24/2020 23:05:15,Plush Bath Sheet,32623051440187,TWBSTSGRO,Eucalyptus,3/9/2020 16:25:37,11/24/2020 21:19:21,,
5502688577,1/2/2021 3:01:24,Bath,3/22/2016 18:18:46,1/2/2021 2:35:08,Plush Washcloths (Pair),32624828481595,TTWLWCNTDUNE,Dune,3/9/2020 19:23:02,1/1/2021 21:49:53,,
8376909121,12/7/2020 17:33:58,Bath,11/2/2016 16:13:14,12/7/2020 17:20:07,Plush Bath Sheet Set,28184630209,TSHTBUNDLEWT,White,11/2/2016 16:13:14,12/7/2020 14:37:06,,
5502688193,12/8/2020 4:00:47,Bath,3/22/2016 18:18:40,12/8/2020 3:35:30,Plush Hand Towels (Pair),16865262273,TTWLHDRSTNWT,White,3/22/2016 18:18:40,12/8/2020 3:11:10,,
5502687553,5/14/2020 18:08:39,Bath,3/22/2016 18:18:34,5/14/2020 17:55:02,Plush Bath Towel,21949265985,TTWLSTRSTNIV,DO NOT SELL Ivory,7/15/2016 3:05:15,3/9/2020 16:35:05,,
5502687553,7/27/2020 20:36:12,Bath,3/22/2016 18:18:34,7/27/2020 20:20:06,Plush Bath Towel,32623128739899,TWBTTSBLO,Mineral,3/9/2020 16:32:28,7/27/2020 19:14:30,,
6957717249,5/22/2020 0:27:53,Bath,7/15/2016 2:47:08,5/22/2020 0:15:09,Plush Bath Sheet,21948915777,TTWLBSRSTNIV,DO NOT SELL Ivory,7/15/2016 2:47:08,3/9/2020 16:37:59,,
6957717249,7/24/2020 2:03:44,Bath,7/15/2016 2:47:08,7/24/2020 1:40:33,Plush Bath Sheet,21948915905,TTWLBSRSTNLG,DO NOT SELL Pewter,7/15/2016 2:47:08,3/9/2020 16:38:16,,
8375779329,5/7/2020 5:04:31,Bath,11/2/2016 14:01:21,5/7/2020 4:50:33,Plush Bath Towel Set,32385606058043,BBTTSGRM,Eucalyptus,2/26/2020 17:23:30,5/1/2020 23:46:40,,
8375779329,6/25/2020 16:33:13,Bath,11/2/2016 14:01:21,6/25/2020 16:25:50,Plush Bath Towel Set,33242603853,TTWLBUNDLEMG,Stone,3/1/2017 15:25:47,6/25/2020 16:15:42,,
5502688577,6/21/2020 11:29:17,Bath,3/22/2016 18:18:46,6/21/2020 11:05:11,Plush Washcloths (Pair),17979759489,TTWLWCRSTNMG,Stone,4/26/2016 14:38:41,6/21/2020 11:04:30,,
5502688193,5/23/2020 23:33:07,Bath,3/22/2016 18:18:40,5/23/2020 23:15:10,Plush Hand Towels (Pair),17979761025,TTWLHDRSTNMG,Stone,4/26/2016 14:38:46,5/23/2020 14:06:25,,
6957717249,4/22/2021 9:29:36,Bath,7/15/2016 2:47:08,4/22/2021 9:20:16,Plush Bath Sheet,32622806892603,TWBSTSBLO,Mineral,3/9/2020 16:01:23,4/21/2021 23:17:59,,
8375779329,3/31/2021 23:32:44,Bath,11/2/2016 14:01:21,3/31/2021 23:19:35,Plush Bath Towel Set,33242603853,TTWLBUNDLEMG,Stone,3/1/2017 15:25:47,3/31/2021 21:38:40,,
5502688577,3/5/2021 22:06:38,Bath,3/22/2016 18:18:46,3/5/2021 21:45:02,Plush Washcloths (Pair),17979759489,TTWLWCRSTNMG,Stone,4/26/2016 14:38:41,3/5/2021 21:02:20,,
8376909121,4/11/2021 22:04:26,Bath,11/2/2016 16:13:14,4/11/2021 21:45:11,Plush Bath Sheet Set,32385114374203,BBSTSBLM,Mineral,2/26/2020 16:48:23,4/11/2021 17:10:25,,
5502688193,2/5/2021 19:32:48,Bath,3/22/2016 18:18:40,2/5/2021 19:10:01,Plush Hand Towels (Pair),17979761025,TTWLHDRSTNMG,Stone,4/26/2016 14:38:46,2/5/2021 19:09:44,,
5502688193,3/23/2021 22:33:05,Bath,3/22/2016 18:18:40,3/23/2021 22:25:03,Plush Hand Towels (Pair),18006190593,TTWLHDRSTNNU,Natural,4/27/2016 3:50:34,3/22/2021 23:14:10,,
5502687553,5/30/2021 0:02:47,Bath,3/22/2016 18:18:34,5/29/2021 23:49:01,Plush Bath Towel,34394662436923,TBTTRPSBTBSOS,Blush,1/8/2021 22:39:00,5/28/2021 18:08:06,,
8375779329,8/3/2021 4:06:56,Bath,11/2/2016 14:01:21,8/3/2021 3:40:08,Plush Bath Towel Set,28180410113,TTWLBUNDLEWT,White,11/2/2016 14:01:21,8/3/2021 0:33:32,,
8375779329,7/2/2021 6:31:53,Bath,11/2/2016 14:01:21,7/2/2021 6:09:12,Plush Bath Towel Set,34394663747643,TBTTRPSBTSBSML,Blush,1/8/2021 22:42:01,7/1/2021 18:09:05,,
8375779329,8/13/2021 17:39:22,Bath,11/2/2016 14:01:21,8/13/2021 17:25:04,Plush Bath Towel Set,32385543503931,TTWLBUNDLEDN,Dune,2/26/2020 17:21:05,8/13/2021 14:27:55,,
8375779329,6/11/2021 5:05:47,Bath,11/2/2016 14:01:21,6/11/2021 4:30:08,Plush Bath Towel Set,32385606058043,BBTTSGRM,Eucalyptus,2/26/2020 17:23:30,6/10/2021 6:01:15,,
5502688577,7/18/2021 21:05:41,Bath,3/22/2016 18:18:46,7/18/2021 20:53:28,Plush Washcloths (Pair),32624836313147,TWWCTSBLO,Mineral,3/9/2020 19:23:59,7/17/2021 21:52:55,,
5502688577,6/20/2021 15:00:48,Bath,3/22/2016 18:18:46,6/20/2021 14:45:00,Plush Washcloths (Pair),34394670956603,TBTTRPSWCBSOS,Blush,1/8/2021 22:58:29,6/20/2021 6:08:11,,
8376909121,8/6/2021 5:31:58,Bath,11/2/2016 16:13:14,8/6/2021 5:10:23,Plush Bath Sheet Set,34394670039099,TBTTRPSBSSBSML,Blush,1/8/2021 22:52:31,8/4/2021 18:09:21,,
8376909121,6/11/2021 21:04:23,Bath,11/2/2016 16:13:14,6/11/2021 20:40:02,Plush Bath Sheet Set,32385114374203,BBSTSBLM,Mineral,2/26/2020 16:48:23,6/11/2021 18:02:25,,
8376909121,6/19/2021 14:32:09,Bath,11/2/2016 16:13:14,6/19/2021 14:00:01,Plush Bath Sheet Set,32385145765947,BBSTSGRM,Eucalyptus,2/26/2020 16:49:51,6/18/2021 18:01:10,,
5502687553,11/22/2021 17:39:16,Bath,3/22/2016 18:18:34,11/22/2021 17:15:00,Plush Bath Towel,34394662404155,TTWLSTRSTNSH,Shore,1/8/2021 22:38:54,11/22/2021 14:14:56,,
8375779329,11/8/2021 9:34:39,Bath,11/2/2016 14:01:21,11/8/2021 9:15:16,Plush Bath Towel Set,32385543503931,TTWLBUNDLEDN,Dune,2/26/2020 17:21:05,11/8/2021 6:02:46,,
8375779329,12/9/2021 22:36:01,Bath,11/2/2016 14:01:21,12/9/2021 22:20:12,Plush Bath Towel Set,28180410113,TTWLBUNDLEWT,White,11/2/2016 14:01:21,12/9/2021 22:15:26,,
8375779329,11/23/2021 4:06:44,Bath,11/2/2016 14:01:21,11/23/2021 4:00:04,Plush Bath Towel Set,33242603853,TTWLBUNDLEMG,Stone,3/1/2017 15:25:47,11/23/2021 2:23:06,,
5502688577,11/21/2021 18:09:01,Bath,3/22/2016 18:18:46,11/21/2021 17:45:03,Plush Washcloths (Pair),34394670956603,TBTTRPSWCBSOS,Blush,1/8/2021 22:58:29,11/21/2021 7:04:35,,
5502688577,11/13/2021 18:33:49,Bath,3/22/2016 18:18:46,11/13/2021 18:10:03,Plush Washcloths (Pair),32624828481595,TTWLWCNTDUNE,Dune,3/9/2020 19:23:02,11/13/2021 18:09:43,,
5502688577,10/8/2021 3:11:25,Bath,3/22/2016 18:18:46,10/8/2021 2:39:02,Plush Washcloths (Pair),18042809729,TTWLWCRSTNWT,White,4/27/2016 17:36:27,10/8/2021 2:39:02,,
5502688193,8/26/2021 19:35:03,Bath,3/22/2016 18:18:40,8/26/2021 19:25:10,Plush Hand Towels (Pair),34394670366779,TBTTRPSHTBSOS,Blush,1/8/2021 22:54:52,8/26/2021 6:09:21,,
5502688193,8/28/2021 14:37:11,Bath,3/22/2016 18:18:40,8/28/2021 14:27:03,Plush Hand Towels (Pair),34394670301243,TTWLHDRSTNPL,Pale Pewter,1/8/2021 22:54:39,8/26/2021 1:32:10,,
5502688193,9/26/2021 19:35:11,Bath,3/22/2016 18:18:40,9/26/2021 19:26:58,Plush Hand Towels (Pair),17979761025,TTWLHDRSTNMG,Stone,4/26/2016 14:38:46,9/26/2021 12:38:51,,
6658942435387,8/21/2022 2:37:36,Fabric Swatch,9/17/2021 16:43:23,8/21/2022 2:14:16,Signature Hemmed Fabric Swatch,39640400068667,SWASGHTCHDUN4X4,Dune,9/17/2021 16:43:23,8/20/2022 20:42:46,,
4633320915003,12/4/2020 23:12:36,Bath,3/10/2020 13:40:32,12/4/2020 23:00:40,Spa Bath Towel Set,32645774803003,BBTTSNUM,Natural,3/10/2020 13:42:18,12/4/2020 21:15:58,,
4633320915003,12/6/2020 15:06:24,Bath,3/10/2020 13:40:32,12/6/2020 14:40:41,Spa Bath Towel Set,32645774803003,BBTTSNUM,Natural,3/10/2020 13:42:18,12/6/2020 7:06:30,,
4633422823483,9/24/2020 6:32:40,Bath,3/10/2020 14:05:34,9/24/2020 6:13:03,Spa Bath Towel,32646426329147,TWBTTSNUO,Natural,3/10/2020 14:17:08,9/23/2020 18:15:36,,
4633422823483,7/25/2020 23:02:21,Bath,3/10/2020 14:05:34,7/25/2020 22:55:39,Spa Bath Towel,32646426296379,TWBTTSWTO,White,3/10/2020 14:17:07,7/25/2020 22:52:45,,
4633561890875,4/29/2020 14:34:30,Bath,3/10/2020 14:30:20,4/29/2020 14:11:28,Spa Washcloths (Pair),32646717374523,TWWCTSPWO,Pale Pewter,3/10/2020 14:33:06,4/29/2020 14:05:30,,
4998051364923,11/27/2021 1:00:39,Bath,7/13/2020 14:06:17,11/27/2021 0:36:27,Plush Bath Sheet Set of 4,34034356912187,TSHTSET4NU,Natural,7/13/2020 14:06:36,11/26/2021 19:06:29,,
4633248727099,3/8/2021 22:30:22,Bath,3/10/2020 13:18:03,3/8/2021 22:14:12,Spa Bath Sheet Set,34397040508987,BBSTSSHM,Shore,1/11/2021 20:10:09,3/8/2021 19:01:15,,
4633248727099,4/14/2021 1:05:52,Bath,3/10/2020 13:18:03,4/14/2021 0:40:51,Spa Bath Sheet Set,32645594284091,BBSTSNUM,Natural,3/10/2020 13:30:20,4/13/2021 15:09:28,,
4633522208827,4/14/2021 20:45:44,Bath,3/10/2020 14:20:43,4/14/2021 20:05:25,Spa Hand Towels (Pair),34397053222971,TBTTRSPHTBSOS,Blush,1/11/2021 20:19:49,4/14/2021 16:30:55,,
4633320915003,6/16/2021 12:38:12,Bath,3/10/2020 13:40:32,6/16/2021 12:03:18,Spa Bath Towel Set,34397025534011,BBTTSMNM,Mineral,1/11/2021 19:45:26,6/16/2021 6:01:02,,
4633522208827,6/3/2021 16:00:32,Bath,3/10/2020 14:20:43,6/3/2021 15:35:10,Spa Hand Towels (Pair),34397053124667,TWHTTSSHO,Shore,1/11/2021 20:19:35,6/3/2021 15:34:49,,
6658942337083,6/30/2022 19:07:10,Fabric Swatch,9/17/2021 16:43:18,6/30/2022 18:35:47,Flannel Fabric Swatch,39640399708219,SWAFLFLTCHSCP4X4,Shore Classic Plaid,9/17/2021 16:43:18,6/11/2022 18:04:57,,
4633422823483,9/19/2021 13:36:55,Bath,3/10/2020 14:05:34,9/19/2021 13:15:17,Spa Bath Towel,32646426394683,TWBTTSPWO,Pale Pewter,3/10/2020 14:17:08,9/19/2021 6:11:21,,
4633320915003,9/10/2021 16:38:17,Bath,3/10/2020 13:40:32,9/10/2021 16:25:18,Spa Bath Towel Set,34397025501243,BBTTSSHM,Shore,1/11/2021 19:45:19,9/10/2021 15:20:46,,
5095215595579,5/1/2021 11:31:01,Bath,1/11/2021 20:30:56,5/1/2021 11:00:45,Spa Bath Mat,34397061120059,TCTRSPBMPPWOS,Pale Pewter,1/11/2021 20:32:41,4/30/2021 15:22:45,,
5502687553,4/5/2022 16:05:14,Bath,3/22/2016 18:18:34,4/5/2022 15:30:01,Plush Bath Towel (Single),34394662436923,TBTTRPSBTBSOS,Blush [hidden],1/8/2021 22:39:00,3/20/2022 6:02:54,,
5502687553,4/8/2022 2:35:43,Bath,3/22/2016 18:18:34,4/8/2022 2:10:04,Plush Bath Towel (Single),31640384461,TTWLBTNTDUNE,Dune,2/9/2017 17:14:37,4/8/2022 2:09:50,,
6957717249,4/30/2022 23:58:20,Bath,7/15/2016 2:47:08,4/30/2022 23:51:35,Plush Bath Sheet (Single),34394668630075,TTWLBSRSTNSH,Shore,1/8/2021 22:49:40,4/26/2022 10:21:41,,
6957717249,4/1/2022 4:04:18,Bath,7/15/2016 2:47:08,4/1/2022 3:40:17,Plush Bath Sheet (Single),34394668728379,TBTTRPSBSBSOS,Blush [hidden],1/8/2021 22:49:49,3/2/2022 21:50:56,,
8375779329,6/12/2022 15:36:14,Bath,11/2/2016 14:01:21,6/12/2022 15:15:02,Plush Bath Towel Set,33242603917,TTWLBUNDLENU,Natural [hidden],3/1/2017 15:25:47,6/11/2022 18:05:31,,
8376909121,8/13/2022 21:29:27,Bath,11/2/2016 16:13:14,8/13/2022 21:17:41,Plush Bath Sheet Set,28184630209,TSHTBUNDLEWT,White,11/2/2016 16:13:14,8/13/2022 17:11:45,,
10864514445,6/12/2020 6:28:37,Sheet Set Size,10/3/2017 18:01:58,6/12/2020 6:02:26,Queen Sheet Set,45693805453,DSETQUS30BWR,white/shore,10/3/2017 18:01:58,5/4/2020 18:12:11,,
10854766797,4/10/2020 14:35:04,Sheet Set Size,10/2/2017 18:33:26,4/10/2020 13:57:27,King Sheet Set,45558838477,DSETKISHDUNE,dune,10/2/2017 18:33:26,4/9/2020 18:11:44,,
10864900621,10/30/2019 18:28:17,Sheet Set Size,10/3/2017 18:45:40,10/30/2019 18:10:11,Full Sheet Set,2770186534925,DSETFLS30DUNE,white/dune,1/2/2018 18:48:12,10/12/2019 18:04:12,,
10865151821,12/2/2019 19:38:00,Sheet Set Size,10/3/2017 19:15:41,12/2/2019 19:12:35,Twin Sheet Set,45699570957,DSETT1WS30HPW,pewter,10/3/2017 19:15:41,12/2/2019 19:07:01,,
10865151821,9/23/2019 6:40:08,Sheet Set Size,10/3/2017 19:15:41,9/23/2019 6:06:01,Twin Sheet Set,45699571469,SSETTWFLNDPWH,grey herringbone,10/3/2017 19:15:42,4/19/2019 16:13:05,,
10865151821,5/15/2020 6:35:37,Sheet Set Size,10/3/2017 19:15:41,5/15/2020 6:12:43,Twin Sheet Set,2769144545293,DSETTW30DUNE1,white/dune,1/2/2018 17:13:09,12/5/2019 7:07:56,,
10865151821,4/25/2020 18:31:32,Sheet Set Size,10/3/2017 19:15:41,4/25/2020 18:12:12,Twin Sheet Set,45699570637,DSETT1WS30HNU,natural,10/3/2017 19:15:41,4/12/2020 6:11:38,,
10865151821,8/2/2020 6:31:24,Sheet Set Size,10/3/2017 19:15:41,8/2/2020 6:06:30,Twin Sheet Set,45699694157,DSETTWS30SWT1,white striped,10/3/2017 19:17:26,7/31/2020 18:08:36,,
10854775053,1/12/2020 19:35:36,Sheet Set Size,10/2/2017 18:36:36,1/12/2020 19:11:10,Split King Sheet Set,45559067085,DSETKSS30SCR,ivory striped,10/2/2017 18:36:36,1/7/2020 7:05:25,,
10864997325,8/3/2020 18:31:22,Sheet Set Size,10/3/2017 18:59:52,8/3/2020 18:09:41,Twin XL Sheet Set,45699210957,DSETT1XS30HST,stone,10/3/2017 19:10:50,8/3/2020 6:06:59,,
10864997325,9/16/2019 18:29:03,Sheet Set Size,10/3/2017 18:59:52,9/16/2019 18:13:34,Twin XL Sheet Set,379523530765,SSETTXFLNDRWH,red herringbone,11/1/2017 15:30:43,4/19/2019 16:13:06,,
11021092749,12/31/2019 7:28:04,Sheet Set Size,10/16/2017 18:39:00,12/31/2019 7:05:28,King Sheet Set + Standard Cases,48579759693,DSETKTS30HPW,pewter,10/16/2017 18:39:00,12/31/2019 7:05:17,,
6538542153787,11/3/2021 19:29:35,Decorative Pillows,3/2/2021 14:17:34,11/3/2021 19:06:00,Decorative Pillow Insert,39257354010683,PIDWT1434,14 x 34,3/2/2021 14:17:35,11/3/2021 19:05:03,,
6538542153787,2/5/2022 22:36:29,Decorative Pillows,3/2/2021 14:17:34,2/5/2022 22:20:44,Decorative Pillow Insert,39257354010683,PIDWT1434,14 x 34,3/2/2021 14:17:35,2/5/2022 22:20:44,,
6660776558651,11/30/2021 1:31:16,Bath,9/22/2021 13:50:15,11/30/2021 1:23:06,Natural Plush Bath Sheet Set,39645995597883,TSHTBUNDLENU,Natural,9/22/2021 13:50:16,11/30/2021 1:18:51,,
7181826305,11/29/2019 15:36:36,Baby,7/29/2016 19:13:07,11/29/2019 15:00:40,Baby Signature Gift Set,2827340087309,BBUNDLEHRPCW,Petal Herringbone,1/4/2018 15:22:21,11/29/2019 13:35:10,,
7181826305,10/23/2019 19:05:58,Baby,7/29/2016 19:13:07,10/23/2019 18:56:10,Baby Signature Gift Set,44961393101,BBUNDLECNSCW,Sky,9/27/2017 16:45:18,10/23/2019 18:04:14,,
10780020685,1/21/2020 7:36:00,Baby,9/25/2017 18:00:01,1/21/2020 7:14:00,Baby Blanket,44773538381,LTHWBYKNTNPK,Petal,9/25/2017 18:00:01,1/20/2020 19:14:29,,
6294583361,6/22/2022 14:05:40,Throw Blankets,5/18/2016 10:34:47,6/22/2022 13:53:36,Cable Knit Throw Blanket,19433753793,LTHWNAKNTNNU,Natural,5/18/2016 10:34:47,5/25/2022 1:35:13,,
1623483711547,7/21/2021 6:35:41,Protectors,9/25/2018 15:15:57,7/21/2021 6:06:05,Pillow Protector,31414578872379,PPPSSWTSD,Standard,1/2/2020 15:45:47,7/21/2021 6:06:05,,
1623483711547,5/30/2021 14:02:36,Protectors,9/25/2018 15:15:57,5/30/2021 13:46:36,Pillow Protector,15238719111227,WGPPWTKING,K,9/25/2018 15:16:22,5/10/2021 16:14:07,,
1623483711547,3/12/2021 15:38:54,Protectors,9/25/2018 15:15:57,3/12/2021 15:01:45,Pillow Protector,15238719111227,WGPPWTKING,K,9/25/2018 15:16:22,2/6/2021 19:08:55,,
2334722883643,12/23/2020 20:01:09,Duvet Inserts,9/3/2019 17:04:50,12/23/2020 19:55:30,Down Alternative Duvet Insert,21374895358011,DIPLBBKING,King/Cal. King,9/3/2019 17:04:50,12/23/2020 19:50:12,,
2334722883643,10/5/2020 14:37:27,Duvet Inserts,9/3/2019 17:04:50,10/5/2020 14:20:21,Down Alternative Duvet Insert,21374895358011,DIPLBBKING,King/Cal. King,9/3/2019 17:04:50,10/5/2020 12:00:40,,
10667243405,10/29/2021 21:00:51,Throw Blankets,9/13/2017 18:48:47,10/29/2021 20:55:13,Sweater Knit Throw Blanket,39510915416123,HTBOTCKTRWHSTOS,Heathered Stone,6/28/2021 20:12:48,10/29/2021 2:35:52,,
10667243405,5/6/2021 15:37:17,Throw Blankets,9/13/2017 18:48:47,5/6/2021 15:27:53,Sweater Knit Throw Blanket,30253087555643,ATBCHRO,Red,9/25/2019 18:51:34,4/15/2021 13:08:05,,
5098744447035,9/20/2021 15:07:10,Sheet Sets,1/18/2021 22:26:19,9/20/2021 14:53:10,Percale Simple Stripe Sheet Set,34410294083643,SSSKYDSTRWP,Pewter / Split King,1/18/2021 22:26:22,9/18/2021 19:43:11,,
5098744447035,9/3/2021 20:38:32,Sheet Sets,1/18/2021 22:26:19,9/3/2021 20:09:01,Percale Simple Stripe Sheet Set,34410294083643,SSSKYDSTRWP,Pewter / Split King,1/18/2021 22:26:22,8/28/2021 18:34:56,,
5098744447035,9/19/2021 19:36:51,Sheet Sets,1/18/2021 22:26:19,9/19/2021 19:05:29,Percale Simple Stripe Sheet Set,34410294837307,SSCKYDSTRWD,Dune / California King,1/18/2021 22:26:22,9/13/2021 19:11:15,,
5098744447035,7/13/2022 15:03:45,Sheet Sets,1/18/2021 22:26:19,7/13/2022 14:43:56,Percale Simple Stripe Sheet Set,34410293952571,SSQUYDSTRWP,Pewter / Queen,1/18/2021 22:26:22,7/13/2022 13:49:32,,
1994570367035,12/18/2020 14:58:59,Bed Blankets,12/14/2018 20:50:13,12/18/2020 14:31:56,Pickstitch Bed Blanket,19685007622203,BBWPSSDUWTTW,Dune / Twin,12/14/2018 20:50:13,12/17/2020 20:18:01,,
1994570367035,9/12/2020 6:03:40,Bed Blankets,12/14/2018 20:50:13,9/12/2020 5:40:09,Pickstitch Bed Blanket,19685007654971,BBWPSSPWWTTW,Pewter / Twin,12/14/2018 20:50:13,9/6/2020 18:38:51,,
1994570367035,10/12/2020 16:37:01,Bed Blankets,12/14/2018 20:50:13,10/12/2020 16:20:22,Pickstitch Bed Blanket,19685007720507,BBWPSSPWWTFQ,Pewter / Full/Queen,12/14/2018 20:50:13,10/12/2020 16:18:01,,
5034246930491,9/25/2020 15:04:41,Sheet Set,9/18/2020 12:29:34,9/25/2020 14:54:30,Eyelet Sheet Set,34197869985851,SSSSSTRSHSK,Shore / Split King,9/18/2020 12:29:35,9/25/2020 3:15:52,,
4334708260923,11/22/2020 0:32:13,Sheet Sets,11/22/2019 18:25:32,11/22/2020 0:15:46,Signature Eyelet Sheet Set,31097933594683,SSSSSTRPWF,Pewter / Full,11/22/2019 18:26:45,11/21/2020 21:41:19,,
5034246930491,2/22/2021 20:35:30,Sheet Set,9/18/2020 12:29:34,2/22/2021 20:09:22,Signature Eyelet Sheet Set,34197870018619,SSSSSTRPWTW,Pewter / Twin,9/18/2020 12:29:35,2/3/2021 17:27:41,,
6587283144763,5/30/2021 21:02:24,Sheet Sets,5/20/2021 22:12:50,5/30/2021 20:35:57,Blush Signature Hemmed Sheet Set,39425624801339,SSSGCHBHKGS,Blush / King w/ Std. Cases,5/20/2021 22:12:52,5/30/2021 19:36:37,,
6587283144763,7/25/2021 5:32:48,Sheet Sets,5/20/2021 22:12:50,7/25/2021 4:59:02,Blush Signature Hemmed Sheet Set,39425624703035,SSSGCHBHFL,Blush / Full,5/20/2021 22:12:52,7/25/2021 4:59:02,,
6587283144763,8/19/2021 1:35:52,Sheet Sets,5/20/2021 22:12:50,8/19/2021 1:16:19,Blush Signature Hemmed Sheet Set,39425624735803,SSSGCHBHQN,Blush / Queen,5/20/2021 22:12:52,8/18/2021 23:57:01,,
6587283144763,6/8/2021 16:01:21,Sheet Sets,5/20/2021 22:12:50,6/8/2021 15:45:32,Blush Signature Hemmed Sheet Set,39425624670267,SSSGCHBHTX,Blush / Twin XL,5/20/2021 22:12:52,6/7/2021 15:07:31,,
5059983507515,1/4/2021 21:03:23,Accessories,11/5/2020 19:41:26,1/4/2021 20:45:52,Face Mask,34285416906811,AISGFACEWTOS,Grey Hugs & Kisses,11/5/2020 19:51:29,1/4/2021 4:42:20,,
5055670485051,11/25/2020 18:37:25,Sheet Set,10/26/2020 17:15:16,11/25/2020 18:26:43,Ivory Signature Hemmed Sheet Set,34269321494587,DSETKSS30HIV,Ivory / Split King,10/26/2020 17:15:17,11/25/2020 7:03:50,,
5055670485051,2/26/2021 20:34:01,Sheet Set,10/26/2020 17:15:16,2/26/2021 20:27:30,Ivory Signature Hemmed Sheet Set,34269321297979,DSETT1XS30HIV,Ivory / Twin XL,10/26/2020 17:15:17,2/17/2021 14:16:59,,
5055670485051,1/13/2021 5:02:20,Sheet Set,10/26/2020 17:15:16,1/13/2021 4:39:56,Ivory Signature Hemmed Sheet Set,34269321461819,DSETCKS30HIV,Ivory / California King,10/26/2020 17:15:17,1/12/2021 19:07:59,,
5055670485051,4/15/2021 3:04:55,Sheet Set,10/26/2020 17:15:16,4/15/2021 2:45:46,Ivory Signature Hemmed Sheet Set,34269321363515,DSETQUS30HIV,Ivory / Queen,10/26/2020 17:15:17,4/15/2021 2:42:44,,
5055670485051,4/14/2021 15:36:13,Sheet Set,10/26/2020 17:15:16,4/14/2021 15:28:30,Ivory Signature Hemmed Sheet Set,34269321330747,DSETFLS30HIV,Ivory / Full,10/26/2020 17:15:17,4/7/2021 20:27:03,,
5055670485051,12/30/2020 17:36:09,Sheet Set,10/26/2020 17:15:16,12/30/2020 17:26:24,Ivory Signature Hemmed Sheet Set,34269321330747,DSETFLS30HIV,Ivory / Full,10/26/2020 17:15:17,12/30/2020 16:58:16,,
5055670485051,1/4/2021 16:34:33,Sheet Set,10/26/2020 17:15:16,1/4/2021 16:25:57,Ivory Signature Hemmed Sheet Set,34269321461819,DSETCKS30HIV,Ivory / California King,10/26/2020 17:15:17,1/2/2021 19:25:45,,
5055670485051,3/24/2021 3:31:59,Sheet Set,10/26/2020 17:15:16,3/24/2021 3:25:32,Ivory Signature Hemmed Sheet Set,34269321429051,DSETKTS30HIV,Ivory / King w/ Std. Cases,10/26/2020 17:15:17,3/24/2021 0:17:50,,
6664154021947,12/27/2021 4:04:07,Sheet Sets,9/30/2021 21:41:46,12/27/2021 3:46:07,Flannel Modern Plaid Sheet Set,39668802846779,SSSFPTPLMPSHTW,Shore / Twin,10/7/2021 18:32:04,12/26/2021 13:29:10,,
5502700865,2/25/2020 8:59:11,Shams,3/22/2016 18:21:39,2/25/2020 8:41:11,Classic Hemmed Sham,17979725057,DSHMKIS30HWT,White / King,4/26/2016 14:37:39,2/23/2020 16:22:20,,
5502700865,9/1/2020 13:32:54,Shams,3/22/2016 18:21:39,9/1/2020 13:15:20,Classic Hemmed Sham,31081918693435,TSHSSBRSD,Beige / Standard,11/13/2019 16:51:55,8/18/2020 22:09:45,,
5502700865,6/12/2020 13:58:01,Shams,3/22/2016 18:21:39,6/12/2020 13:40:09,Classic Hemmed Sham,31081920036923,TSHSSBRE,Beige / Euro,11/13/2019 16:55:08,6/7/2020 13:43:12,,
2264642584635,3/25/2020 16:00:50,Shams,6/10/2019 14:55:25,3/25/2020 15:46:58,Matelass√© Windowpane Sham,32384734920763,TSHTXMWTK,White / King,2/26/2020 16:14:29,3/25/2020 15:17:52,,
5042574524475,11/27/2020 0:32:40,Sheet Sets,10/5/2020 12:52:54,11/27/2020 0:24:06,Signature Hemmed Fitted Sheet Set,34230857138235,SSEUCHSHKS,Shore / King w/ Std. Cases,10/5/2020 12:57:31,11/24/2020 14:17:40,,
5042574524475,11/5/2020 19:30:09,Sheet Sets,10/5/2020 12:52:54,11/5/2020 19:11:18,Signature Hemmed Fitted Sheet Set,34230856843323,SSEUCHIVCK,Ivory / California King,10/5/2020 12:57:31,11/4/2020 20:52:11,,
4331055251515,5/5/2022 6:29:09,Sheet Sets,11/14/2019 16:35:29,5/5/2022 6:04:01,Reserve Sheet Set,39300729929787,BSHLXLXSSPWKN,Pewter / King,3/22/2021 17:16:17,5/4/2022 18:02:43,,
4331055251515,4/27/2022 22:37:26,Sheet Sets,11/14/2019 16:35:29,4/27/2022 22:20:51,Reserve Sheet Set,39300734419003,BSHLXLXSSPWSK,Pewter / Split King,3/22/2021 17:18:56,4/27/2022 20:43:58,,
6550648651835,12/19/2021 20:04:45,Sheet Sets,3/22/2021 18:04:39,12/19/2021 19:50:53,Linen Sheet Set,39300806541371,BSHLNSSMNKN,Mineral / King w/ Std. Cases,3/22/2021 18:07:45,11/30/2021 7:00:57,,
6550648651835,6/13/2022 22:06:29,Sheet Sets,3/22/2021 18:04:39,6/13/2022 21:55:25,Linen Sheet Set,39300803952699,BSHLNSSWTKN,White / King,3/22/2021 18:04:40,6/13/2022 3:39:05,,
5041809293371,11/29/2021 0:01:02,Sheet Sets,10/2/2020 16:02:29,11/28/2021 23:47:00,Flannel Solid Sheet Set,34227272417339,SSETFLFLNOWT,White / Full,10/2/2020 16:02:30,11/28/2021 19:02:01,,
2250135175227,10/2/2019 6:34:35,Flat Sheet,5/22/2019 16:11:22,10/2/2019 6:03:45,White Flat Sheet,21036902285371,DFLTTWXS30NWT,White / Twin XL,5/22/2019 16:17:15,9/24/2019 4:22:08,,
5505404673,10/14/2019 14:57:43,Fitted Sheets,3/23/2016 0:05:38,10/14/2019 14:29:01,Classic Fitted Sheet,16872069825,DFITKIS30NWT,White / King,3/23/2016 0:05:38,10/14/2019 14:29:01,,
5505404673,9/21/2019 13:40:18,Fitted Sheets,3/23/2016 0:05:38,9/21/2019 13:09:50,Fitted Sheet,2768903569421,DFITFLS30NIV,Ivory / Full,1/2/2018 16:51:03,9/12/2019 4:10:40,,
5505404673,9/29/2019 7:29:28,Fitted Sheets,3/23/2016 0:05:38,9/29/2019 7:23:10,Classic Fitted Sheet,16872069825,DFITKIS30NWT,White / King,3/23/2016 0:05:38,9/29/2019 2:19:25,,
5505404673,10/15/2019 18:11:10,Fitted Sheets,3/23/2016 0:05:38,10/15/2019 17:50:05,Classic Fitted Sheet,16872069697,DFITKIS30NPW,Pewter / King,3/23/2016 0:05:38,10/10/2019 20:54:30,,
5505404673,12/23/2019 17:33:37,Fitted Sheets,3/23/2016 0:05:38,12/23/2019 17:14:35,Classic Fitted Sheet,2768806215693,DFITTWXS30NNU,Natural / Twin XL,1/2/2018 16:44:31,12/9/2019 18:58:39,,
5505404673,12/19/2019 21:02:50,Fitted Sheets,3/23/2016 0:05:38,12/19/2019 20:39:40,Classic Fitted Sheet,2768845111309,DFITTWXS30NSH,Shore / Twin XL,1/2/2018 16:47:03,12/18/2019 17:58:25,,
199052853261,12/21/2019 15:59:57,Flat Sheet,12/8/2017 20:12:37,12/21/2019 15:32:36,Classic Hemmed Flat Sheet,2066820890637,DFLTFLS30NDN,Dune / Full,12/8/2017 20:12:38,12/9/2019 19:03:22,,
199052853261,12/12/2019 20:44:28,Flat Sheet,12/8/2017 20:12:37,12/12/2019 20:16:48,Classic Hemmed Flat Sheet,31111823294523,SFLSSBRF,Beige / Full,11/29/2019 19:42:41,11/29/2019 19:43:04,,
5505404673,1/8/2020 0:04:39,Fitted Sheets,3/23/2016 0:05:38,1/7/2020 23:29:40,Classic Fitted Sheet,16872069697,DFITKIS30NPW,Pewter / King,3/23/2016 0:05:38,1/6/2020 19:03:45,,
5505404673,9/21/2020 14:01:22,Fitted Sheets,3/23/2016 0:05:38,9/21/2020 13:35:33,Classic Fitted Sheet,16872069121,DFITCKS30NNU,Natural / California King,3/23/2016 0:05:38,9/6/2020 18:37:55,,
5505404673,1/20/2020 21:37:09,Fitted Sheets,3/23/2016 0:05:38,1/20/2020 21:27:35,Classic Fitted Sheet,16872069953,DFITKIS30NIV,Ivory / King,3/23/2016 0:05:38,1/18/2020 16:39:10,,
5505404673,8/31/2020 14:05:40,Fitted Sheets,3/23/2016 0:05:38,8/31/2020 13:55:11,Classic Fitted Sheet,31117433765947,SFTSSBLK,Mineral / King,12/3/2019 18:45:53,8/7/2020 21:20:30,,
5505404673,8/26/2020 14:31:42,Fitted Sheets,3/23/2016 0:05:38,8/26/2020 14:25:06,Classic Fitted Sheet,16872070145,DFITQUS30NPW,Pewter / Queen,3/23/2016 0:05:38,8/26/2020 14:09:55,,
5505404673,8/6/2020 0:31:44,Fitted Sheets,3/23/2016 0:05:38,8/6/2020 0:25:10,Classic Fitted Sheet,2768942694413,DFITFLS30NSH,Shore / Full,1/2/2018 16:53:44,8/3/2020 0:49:55,,
5505404673,8/4/2020 14:35:23,Fitted Sheets,3/23/2016 0:05:38,8/4/2020 14:20:02,Classic Fitted Sheet,2768799268877,DFITTWXS30NIV,Ivory / Twin XL,1/2/2018 16:44:10,6/25/2020 19:10:02,,
5505404673,8/4/2020 14:35:23,Fitted Sheets,3/23/2016 0:05:38,8/4/2020 14:20:02,Classic Fitted Sheet,2768850878477,DFITTWXS30NNV,Navy / Twin XL,1/2/2018 16:47:22,1/13/2020 20:44:05,,
5505404673,8/29/2020 23:31:42,Fitted Sheets,3/23/2016 0:05:38,8/29/2020 23:15:22,Classic Fitted Sheet,42260587149,DFITKIS30NDN,Dune / King,9/5/2017 19:00:06,8/29/2020 19:39:45,,
5505404673,9/20/2020 15:04:31,Fitted Sheets,3/23/2016 0:05:38,9/20/2020 14:30:05,Classic Fitted Sheet,16872069825,DFITKIS30NWT,White / King,3/23/2016 0:05:38,9/20/2020 14:28:43,,
5505404673,9/23/2020 16:34:41,Fitted Sheets,3/23/2016 0:05:38,9/23/2020 16:15:06,Classic Fitted Sheet,16872069249,DFITCKS30NPW,Pewter / California King,3/23/2016 0:05:38,9/6/2020 18:37:55,,
5505404673,8/7/2020 6:31:29,Fitted Sheets,3/23/2016 0:05:38,8/7/2020 6:03:30,Classic Fitted Sheet,2768903569421,DFITFLS30NIV,Ivory / Full,1/2/2018 16:51:03,7/11/2020 21:11:15,,
5505404673,6/24/2020 18:34:29,Fitted Sheets,3/23/2016 0:05:38,6/24/2020 18:10:27,Classic Fitted Sheet,2768973070349,DFITFLS30NST,Stone / Full,1/2/2018 16:56:08,6/1/2020 19:06:33,,
5505404673,4/10/2020 2:35:00,Fitted Sheets,3/23/2016 0:05:38,4/10/2020 2:00:28,Classic Fitted Sheet,2768799268877,DFITTWXS30NIV,Ivory / Twin XL,1/2/2018 16:44:10,3/27/2020 13:36:56,,
5505404673,4/10/2020 2:35:00,Fitted Sheets,3/23/2016 0:05:38,4/10/2020 2:00:28,Classic Fitted Sheet,2768973070349,DFITFLS30NST,Stone / Full,1/2/2018 16:56:08,3/29/2020 23:17:34,,
5505404673,2/4/2020 1:03:09,Fitted Sheets,3/23/2016 0:05:38,2/4/2020 0:50:35,Classic Fitted Sheet,2768852647949,DFITTWXS30NPW,Pewter / Twin XL,1/2/2018 16:47:39,1/13/2020 20:44:05,,
5505404673,4/13/2020 16:05:15,Fitted Sheets,3/23/2016 0:05:38,4/13/2020 15:55:04,Classic Fitted Sheet,2768838950925,DFITTWX30NDN,Dune / Twin XL,1/2/2018 16:46:41,4/11/2020 17:49:03,,
5505404673,5/29/2020 15:57:33,Fitted Sheets,3/23/2016 0:05:38,5/29/2020 15:55:00,Classic Fitted Sheet,16872070209,DFITQUS30NST,Stone / Queen,3/23/2016 0:05:38,5/28/2020 22:04:14,,
5505404673,2/10/2020 18:58:08,Fitted Sheets,3/23/2016 0:05:38,2/10/2020 18:27:46,Classic Fitted Sheet,16872069761,DFITKIS30NST,Stone / King,3/23/2016 0:05:38,2/10/2020 1:02:41,,
5505404673,2/22/2020 9:06:11,Fitted Sheets,3/23/2016 0:05:38,2/22/2020 8:42:22,Classic Fitted Sheet,2768938663949,DFITTFL30NDN,Dune / Full,1/2/2018 16:53:22,2/19/2020 17:09:45,,
5505404673,6/25/2020 22:32:24,Fitted Sheets,3/23/2016 0:05:38,6/25/2020 22:05:03,Classic Fitted Sheet,2768845111309,DFITTWXS30NSH,Shore / Twin XL,1/2/2018 16:47:03,6/1/2020 18:59:52,,
5505404673,4/9/2020 4:29:07,Fitted Sheets,3/23/2016 0:05:38,4/9/2020 4:25:27,Classic Fitted Sheet,2768799268877,DFITTWXS30NIV,Ivory / Twin XL,1/2/2018 16:44:10,3/27/2020 13:36:56,,
5505404673,6/16/2020 2:30:52,Fitted Sheets,3/23/2016 0:05:38,6/16/2020 2:15:14,Classic Fitted Sheet,31117403455547,SFTSSBRK,Beige / King,12/3/2019 18:18:03,6/13/2020 23:55:25,,
5505404673,7/19/2020 18:31:19,Fitted Sheets,3/23/2016 0:05:38,7/19/2020 18:15:04,Classic Fitted Sheet,2768898261005,DFITFLS30NWT,White / Full,1/2/2018 16:50:44,7/19/2020 6:59:45,,
5505404673,7/19/2020 18:31:19,Fitted Sheets,3/23/2016 0:05:38,7/19/2020 18:15:04,Classic Fitted Sheet,2768942694413,DFITFLS30NSH,Shore / Full,1/2/2018 16:53:44,7/14/2020 0:59:16,,
5505404673,3/19/2020 18:34:17,Fitted Sheets,3/23/2016 0:05:38,3/19/2020 18:19:25,Classic Fitted Sheet,2768903569421,DFITFLS30NIV,Ivory / Full,1/2/2018 16:51:03,3/14/2020 19:54:55,,
5505404673,6/13/2020 21:36:02,Fitted Sheets,3/23/2016 0:05:38,6/13/2020 21:25:11,Classic Fitted Sheet,31117405388859,SFTSSBRCK,Beige / California King,12/3/2019 18:19:57,6/8/2020 13:19:27,,
5505404673,4/17/2020 19:31:38,Fitted Sheets,3/23/2016 0:05:38,4/17/2020 19:26:10,Classic Fitted Sheet,2768752640013,DFITTWS30NSH,Shore / Twin,1/2/2018 16:41:36,4/7/2020 6:10:07,,
5505404673,2/12/2020 14:28:40,Fitted Sheets,3/23/2016 0:05:38,2/12/2020 14:25:03,Classic Fitted Sheet,16872069953,DFITKIS30NIV,Ivory / King,3/23/2016 0:05:38,2/11/2020 21:20:56,,
5505404673,4/9/2020 21:04:22,Fitted Sheets,3/23/2016 0:05:38,4/9/2020 20:50:04,Classic Fitted Sheet,16872069441,DFITCKS30NIV,Ivory / California King,3/23/2016 0:05:38,4/9/2020 4:20:30,,
199052853261,11/16/2020 5:00:21,Flat Sheet,12/8/2017 20:12:37,11/16/2020 4:55:31,Signature Hemmed Flat Sheet,2066820497421,DFLTTWXS30NWT,White / Twin XL,12/8/2017 20:12:38,11/1/2020 18:04:30,,
199052853261,11/28/2020 8:37:10,Flat Sheet,12/8/2017 20:12:37,11/28/2020 8:07:25,Signature Hemmed Flat Sheet,31111822180411,SFLSSBRTX,Beige / Twin XL,11/29/2019 19:40:52,11/27/2020 19:06:36,,
199052853261,10/3/2020 20:04:04,Flat Sheet,12/8/2017 20:12:37,10/3/2020 19:30:09,Signature Hemmed Flat Sheet,2066820235277,DFLTTWS30NIV,Ivory / Twin,12/8/2017 20:12:38,10/2/2020 3:07:10,,
199052853261,10/27/2020 18:06:26,Flat Sheet,12/8/2017 20:12:37,10/27/2020 17:55:40,Signature Hemmed Flat Sheet,2066820988941,DFLTFLS30NNV,Navy / Full,12/8/2017 20:12:38,9/6/2020 18:38:16,,
199052853261,11/2/2020 17:31:55,Flat Sheet,12/8/2017 20:12:37,11/2/2020 17:25:08,Signature Hemmed Flat Sheet,2066820399117,DFLTTWS30NNV,Navy / Twin,12/8/2017 20:12:38,9/6/2020 18:38:15,,
199052853261,10/26/2020 17:58:45,Flat Sheet,12/8/2017 20:12:37,10/26/2020 17:50:09,Signature Hemmed Flat Sheet,2066821054477,DFLTFLS30NST,Stone / Full,12/8/2017 20:12:38,10/26/2020 17:48:12,,
199052853261,8/5/2020 1:29:04,Flat Sheet,12/8/2017 20:12:37,8/5/2020 1:20:15,Classic Hemmed Flat Sheet,2066821152781,DFLTQUS30NNU,Natural / Queen,12/8/2017 20:12:38,7/31/2020 0:28:15,,
199052853261,4/18/2020 15:30:36,Flat Sheet,12/8/2017 20:12:37,4/18/2020 15:25:21,Classic Hemmed Flat Sheet,2066821185549,DFLTQUS30NDN,Dune / Queen,12/8/2017 20:12:38,3/28/2020 13:26:37,,
199052853261,3/9/2020 19:02:41,Flat Sheet,12/8/2017 20:12:37,3/9/2020 18:35:13,Classic Hemmed Flat Sheet,2066820988941,DFLTFLS30NNV,Navy / Full,12/8/2017 20:12:38,1/13/2020 20:45:47,,
199052853261,7/28/2020 2:36:10,Flat Sheet,12/8/2017 20:12:37,7/28/2020 2:26:35,Classic Hemmed Flat Sheet,2066820988941,DFLTFLS30NNV,Navy / Full,12/8/2017 20:12:38,1/13/2020 20:45:47,,
199052853261,1/30/2020 7:33:42,Flat Sheet,12/8/2017 20:12:37,1/30/2020 7:08:14,Classic Hemmed Flat Sheet,2066821808141,DFLTCKS30NDN,Dune / California King,12/8/2017 20:12:38,1/26/2020 19:08:20,,
199052853261,6/24/2020 1:05:04,Flat Sheet,12/8/2017 20:12:37,6/24/2020 0:50:17,Classic Hemmed Flat Sheet,31111823294523,SFLSSBRF,Beige / Full,11/29/2019 19:42:41,6/1/2020 19:35:45,,
199052853261,7/16/2020 18:00:41,Flat Sheet,12/8/2017 20:12:37,7/16/2020 17:35:05,Classic Hemmed Flat Sheet,2066821120013,DFLTQUS30NIV,Ivory / Queen,12/8/2017 20:12:38,7/10/2020 22:11:20,,
199052853261,1/25/2020 3:36:01,Flat Sheet,12/8/2017 20:12:37,1/25/2020 3:10:25,Classic Hemmed Flat Sheet,2066820694029,DFLTTWXS30NNV,Navy / Twin XL,12/8/2017 20:12:38,1/13/2020 20:45:47,,
199052853261,6/2/2020 16:07:32,Flat Sheet,12/8/2017 20:12:37,6/2/2020 15:40:06,Classic Hemmed Flat Sheet,2066820890637,DFLTFLS30NDN,Dune / Full,12/8/2017 20:12:38,6/1/2020 19:35:54,,
199052853261,6/24/2020 1:35:02,Flat Sheet,12/8/2017 20:12:37,6/24/2020 1:10:17,Classic Hemmed Flat Sheet,2066820890637,DFLTFLS30NDN,Dune / Full,12/8/2017 20:12:38,6/23/2020 15:15:07,,
199052853261,10/3/2020 18:04:23,Flat Sheet,12/8/2017 20:12:37,10/3/2020 17:45:04,Signature Hemmed Flat Sheet,2066821283853,DFLTQUS30NNV,Navy / Queen,12/8/2017 20:12:38,9/6/2020 18:38:16,,
5505404673,12/15/2020 14:37:58,Fitted Sheets,3/23/2016 0:05:38,12/15/2020 14:00:01,Signature Fitted Sheet,16872070017,DFITQUS30NNU,Natural / Queen,3/23/2016 0:05:38,12/1/2020 14:37:16,,
5505404673,11/30/2020 7:39:02,Fitted Sheets,3/23/2016 0:05:38,11/30/2020 7:10:11,Signature Fitted Sheet,16872069377,DFITCKS30NWT,White / California King,3/23/2016 0:05:38,11/30/2020 0:47:01,,
5505404673,11/29/2020 19:41:06,Fitted Sheets,3/23/2016 0:05:38,11/29/2020 19:26:20,Signature Fitted Sheet,31117368918075,SFTSSBRQ,Beige / Queen,12/3/2019 17:32:32,11/29/2020 19:06:30,,
5505404673,12/5/2020 0:02:28,Fitted Sheets,3/23/2016 0:05:38,12/4/2020 23:50:18,Signature Fitted Sheet,2768752640013,DFITTWS30NSH,Shore / Twin,1/2/2018 16:41:36,11/30/2020 20:59:51,,
5505404673,12/8/2020 14:39:13,Fitted Sheets,3/23/2016 0:05:38,12/8/2020 14:19:17,Signature Fitted Sheet,2768968843277,DFITFLS30NPW,Pewter / Full,1/2/2018 16:55:51,12/8/2020 1:57:01,,
5505404673,11/29/2020 15:01:53,Fitted Sheets,3/23/2016 0:05:38,11/29/2020 14:55:08,Signature Fitted Sheet,31117368918075,SFTSSBRQ,Beige / Queen,12/3/2019 17:32:32,11/29/2020 14:52:36,,
5505404673,10/20/2020 1:36:28,Fitted Sheets,3/23/2016 0:05:38,10/20/2020 1:05:24,Signature Fitted Sheet,16872069441,DFITCKS30NIV,Ivory / California King,3/23/2016 0:05:38,10/19/2020 18:03:12,,
5505404673,11/21/2020 13:33:47,Fitted Sheets,3/23/2016 0:05:38,11/21/2020 13:25:56,Signature Fitted Sheet,2768898261005,DFITFLS30NWT,White / Full,1/2/2018 16:50:44,11/21/2020 10:01:45,,
5505404673,11/24/2020 9:02:42,Fitted Sheets,3/23/2016 0:05:38,11/24/2020 8:45:00,Signature Fitted Sheet,31117413351483,SFTSSBLTW,Mineral / Twin,12/3/2019 18:24:59,11/22/2020 21:31:30,,
5505404673,1/31/2021 2:01:40,Fitted Sheets,3/23/2016 0:05:38,1/31/2021 1:30:25,Signature Fitted Sheet,29511403021,DFITKIS30NSH,Shore / King,12/16/2016 16:08:01,1/29/2021 15:49:35,,
5505404673,1/19/2021 0:30:17,Fitted Sheets,3/23/2016 0:05:38,1/19/2021 0:02:40,Signature Fitted Sheet,31117367017531,SFTSSBRTX,Beige / Twin XL,12/3/2019 17:29:24,11/30/2020 15:10:56,,
5505404673,1/19/2021 0:30:17,Fitted Sheets,3/23/2016 0:05:38,1/19/2021 0:02:40,Signature Fitted Sheet,16872069761,DFITKIS30NST,Stone / King,3/23/2016 0:05:38,1/18/2021 19:01:28,,
5505404673,5/9/2021 21:37:25,Fitted Sheets,3/23/2016 0:05:38,5/9/2021 21:25:11,Signature Fitted Sheet,2768714661901,DFITTWS30NDN,Dune / Twin,1/2/2018 16:39:29,5/7/2021 1:08:55,,
5505404673,5/19/2021 11:33:11,Fitted Sheets,3/23/2016 0:05:38,5/19/2021 11:05:04,Signature Fitted Sheet,2768806215693,DFITTWXS30NNU,Natural / Twin XL,1/2/2018 16:44:31,5/10/2021 16:14:04,,
5505404673,5/23/2021 3:05:34,Fitted Sheets,3/23/2016 0:05:38,5/23/2021 2:45:03,Signature Fitted Sheet,42260550413,DFITCKS30NDN,Dune / California King,9/5/2017 18:59:45,5/20/2021 18:32:40,,
5505404673,2/21/2021 22:00:46,Fitted Sheets,3/23/2016 0:05:38,2/21/2021 21:35:01,Signature Fitted Sheet,16872069377,DFITCKS30NWT,White / California King,3/23/2016 0:05:38,2/21/2021 18:35:46,,
5505404673,2/10/2021 13:35:46,Fitted Sheets,3/23/2016 0:05:38,2/10/2021 13:20:06,Signature Fitted Sheet,16872069761,DFITKIS30NST,Stone / King,3/23/2016 0:05:38,2/8/2021 21:53:11,,
5505404673,3/4/2021 19:02:02,Fitted Sheets,3/23/2016 0:05:38,3/4/2021 18:40:01,Signature Fitted Sheet,2768665575437,DFITTWS30NWT,White / Twin,1/2/2018 16:36:50,3/4/2021 15:28:42,,
5505404673,4/24/2021 3:32:22,Fitted Sheets,3/23/2016 0:05:38,4/24/2021 3:20:21,Signature Fitted Sheet,16872069377,DFITCKS30NWT,White / California King,3/23/2016 0:05:38,4/23/2021 13:52:40,,
5505404673,6/15/2021 15:07:10,Fitted Sheets,3/23/2016 0:05:38,6/15/2021 14:39:02,Signature Fitted Sheet,31117366493243,SFTSSBRTW,Beige / Twin,12/3/2019 17:27:18,5/10/2021 16:14:29,,
5505404673,5/5/2021 19:07:20,Fitted Sheets,3/23/2016 0:05:38,5/5/2021 18:45:01,Signature Fitted Sheet,42260621453,DFITQUS30NDN,Dune / Queen,9/5/2017 19:00:25,5/2/2021 19:04:10,,
5505404673,2/23/2021 2:04:07,Fitted Sheets,3/23/2016 0:05:38,2/23/2021 1:50:04,Signature Fitted Sheet,2768714661901,DFITTWS30NDN,Dune / Twin,1/2/2018 16:39:29,2/8/2021 14:09:45,,
5505404673,7/12/2021 2:32:06,Fitted Sheets,3/23/2016 0:05:38,7/12/2021 2:00:55,Signature Fitted Sheet,2768806215693,DFITTWXS30NNU,Natural / Twin XL,1/2/2018 16:44:31,5/10/2021 16:14:04,,
5505404673,3/2/2021 18:01:54,Fitted Sheets,3/23/2016 0:05:38,3/2/2021 17:55:45,Signature Fitted Sheet,31117421838395,SFTSSBLF,Mineral / Full,12/3/2019 18:33:10,3/1/2021 4:34:50,,
5505404673,9/12/2021 17:06:41,Fitted Sheets,3/23/2016 0:05:38,9/12/2021 16:36:16,Signature Fitted Sheet,16872070145,DFITQUS30NPW,Pewter / Queen,3/23/2016 0:05:38,9/11/2021 21:17:25,,
5505404673,5/14/2021 13:32:23,Fitted Sheets,3/23/2016 0:05:38,5/14/2021 13:15:00,Signature Fitted Sheet,16872069249,DFITCKS30NPW,Pewter / California King,3/23/2016 0:05:38,5/14/2021 4:36:05,,
5505404673,9/8/2021 3:05:10,Fitted Sheets,3/23/2016 0:05:38,9/8/2021 2:50:10,Signature Fitted Sheet,2768894361613,DFITTWXS30NST,Stone / Twin XL,1/2/2018 16:50:26,8/25/2021 17:30:29,,
5505404673,2/24/2021 22:04:32,Fitted Sheets,3/23/2016 0:05:38,2/24/2021 21:35:11,Signature Fitted Sheet,16872070337,DFITQUS30NIV,Ivory / Queen,3/23/2016 0:05:38,2/13/2021 19:02:15,,
5505404673,5/12/2021 14:00:54,Fitted Sheets,3/23/2016 0:05:38,5/12/2021 13:40:04,Signature Fitted Sheet,2768752640013,DFITTWS30NSH,Shore / Twin,1/2/2018 16:41:36,5/10/2021 18:04:45,,
5505404673,8/7/2021 13:07:46,Fitted Sheets,3/23/2016 0:05:38,8/7/2021 12:50:03,Signature Fitted Sheet,2768968843277,DFITFLS30NPW,Pewter / Full,1/2/2018 16:55:51,8/6/2021 17:50:56,,
5505404673,8/10/2021 14:08:18,Fitted Sheets,3/23/2016 0:05:38,8/10/2021 13:45:05,Signature Fitted Sheet,29511392333,DFITCKS30NSH,Shore / California King,12/16/2016 16:07:07,8/3/2021 14:44:15,,
5505404673,3/11/2021 7:36:25,Fitted Sheets,3/23/2016 0:05:38,3/11/2021 7:10:09,Signature Fitted Sheet,2768788946957,DFITTWS30NST,Stone / Twin,1/2/2018 16:43:38,3/10/2021 19:05:49,,
5505404673,9/16/2021 18:04:29,Fitted Sheets,3/23/2016 0:05:38,9/16/2021 17:30:01,Signature Fitted Sheet,2768968843277,DFITFLS30NPW,Pewter / Full,1/2/2018 16:55:51,9/16/2021 16:50:28,,
5505404673,2/12/2021 14:34:55,Fitted Sheets,3/23/2016 0:05:38,2/12/2021 14:05:02,Signature Fitted Sheet,31117368918075,SFTSSBRQ,Beige / Queen,12/3/2019 17:32:32,2/1/2021 22:15:54,,
5505404673,4/18/2021 8:32:22,Fitted Sheets,3/23/2016 0:05:38,4/18/2021 8:10:24,Signature Fitted Sheet,31117368918075,SFTSSBRQ,Beige / Queen,12/3/2019 17:32:32,4/15/2021 13:29:31,,
199052853261,10/20/2021 4:07:23,Flat Sheet,12/8/2017 20:12:37,10/20/2021 3:36:06,Signature Hemmed Flat Sheet,2066820202509,DFLTTWS30NWT,White / Twin,12/8/2017 20:12:38,10/14/2021 12:28:51,,
199052853261,2/21/2022 2:33:38,Flat Sheet,12/8/2017 20:12:37,2/21/2022 2:00:18,Signature Hemmed Flat Sheet,2066821578765,DFLTFLKIS30NSH,Shore / King,12/8/2017 20:12:38,2/19/2022 2:51:51,,
199052853261,5/30/2022 8:01:39,Flat Sheet,12/8/2017 20:12:37,5/30/2022 7:33:05,Signature Hemmed Flat Sheet,31111823818811,SFLSSBRQ,Beige / Queen,11/29/2019 19:44:09,5/25/2022 2:41:26,,
199052853261,11/12/2021 15:00:11,Flat Sheet,12/8/2017 20:12:37,11/12/2021 14:40:07,Signature Hemmed Flat Sheet,2066821316621,DFLTQUS30NPW,Pewter / Queen,12/8/2017 20:12:38,11/5/2021 21:10:15,,
199052853261,4/8/2022 1:05:42,Flat Sheet,12/8/2017 20:12:37,4/8/2022 0:44:46,Signature Hemmed Flat Sheet,2066820530189,DFLTTWXS30NIV,Ivory / Twin XL,12/8/2017 20:12:38,4/5/2022 22:44:11,,
199052853261,4/25/2022 19:36:33,Flat Sheet,12/8/2017 20:12:37,4/25/2022 19:20:03,Signature Hemmed Flat Sheet,2066821611533,DFLTFLKIS30NNV,Navy / King,12/8/2017 20:12:38,4/20/2022 20:18:53,,
199052853261,2/23/2022 23:04:27,Flat Sheet,12/8/2017 20:12:37,2/23/2022 22:42:01,Signature Hemmed Flat Sheet,2066821087245,DFLTQUS30NWT,White / Queen,12/8/2017 20:12:38,2/2/2022 18:18:55,,
199052853261,4/3/2022 0:34:40,Flat Sheet,12/8/2017 20:12:37,4/3/2022 0:20:28,Signature Hemmed Flat Sheet,2066821480461,DFLTFLKIS30NNU,Natural / King,12/8/2017 20:12:38,3/30/2022 6:01:57,,
199052853261,12/6/2021 13:05:54,Flat Sheet,12/8/2017 20:12:37,12/6/2021 12:43:47,Signature Hemmed Flat Sheet,2066821677069,DFLTFLKIS30NST,Stone / King,12/8/2017 20:12:38,11/19/2021 1:58:19,,
199052853261,5/6/2022 16:06:18,Flat Sheet,12/8/2017 20:12:37,5/6/2022 15:46:20,Signature Hemmed Flat Sheet,2066820399117,DFLTTWS30NNV,Navy / Twin,12/8/2017 20:12:38,4/20/2022 20:18:42,,
199052853261,12/19/2021 5:04:33,Flat Sheet,12/8/2017 20:12:37,12/19/2021 4:44:02,Signature Hemmed Flat Sheet,2066820956173,DFLTFLS30NSH,Shore / Full,12/8/2017 20:12:38,12/16/2021 19:01:56,,
199052853261,4/13/2022 23:27:49,Flat Sheet,12/8/2017 20:12:37,4/13/2022 23:20:11,Signature Hemmed Flat Sheet,2066821480461,DFLTFLKIS30NNU,Natural / King,12/8/2017 20:12:38,4/13/2022 6:03:15,,
199052853261,8/14/2021 4:38:58,Flat Sheet,12/8/2017 20:12:37,8/14/2021 4:00:57,Signature Hemmed Flat Sheet,2066821054477,DFLTFLS30NST,Stone / Full,12/8/2017 20:12:38,8/2/2021 0:16:42,,
199052853261,9/6/2021 8:29:25,Flat Sheet,12/8/2017 20:12:37,9/6/2021 8:06:07,Signature Hemmed Flat Sheet,31111825063995,SFLSSBRCK,Beige / California King,11/29/2019 19:47:15,8/26/2021 2:35:45,,
199052853261,7/3/2021 12:34:05,Flat Sheet,12/8/2017 20:12:37,7/3/2021 12:22:36,Signature Hemmed Flat Sheet,31117356302395,SFLSSBLTX,Mineral / Twin XL,12/3/2019 17:08:24,6/29/2021 18:07:16,,
199052853261,6/26/2022 2:36:19,Flat Sheet,12/8/2017 20:12:37,6/26/2022 2:25:07,Signature Hemmed Flat Sheet,2066821152781,DFLTQUS30NNU,Natural / Queen,12/8/2017 20:12:38,6/22/2022 8:05:06,,
5505404673,5/28/2022 11:31:16,Fitted Sheets,3/23/2016 0:05:38,5/28/2022 11:13:46,Signature Fitted Sheet,16872069377,DFITCKS30NWT,White / California King,3/23/2016 0:05:38,5/27/2022 5:08:40,,
5505404673,8/16/2022 6:28:52,Fitted Sheets,3/23/2016 0:05:38,8/16/2022 6:04:28,Signature Fitted Sheet,2768936992781,DFITFLS30NNU,Natural / Full,1/2/2018 16:53:01,8/14/2022 18:14:11,,
5505404673,7/23/2022 13:34:45,Fitted Sheets,3/23/2016 0:05:38,7/23/2022 13:25:02,Signature Fitted Sheet,2768938663949,DFITTFL30NDN,Dune / Full,1/2/2018 16:53:22,7/21/2022 17:46:38,,
5505404673,7/23/2022 13:34:45,Fitted Sheets,3/23/2016 0:05:38,7/23/2022 13:25:02,Signature Fitted Sheet,31117434257467,SFTSSBLCK,Mineral / California King,12/3/2019 18:46:50,7/21/2022 17:46:39,,
5505404673,8/19/2022 23:38:04,Fitted Sheets,3/23/2016 0:05:38,8/19/2022 23:25:34,Signature Fitted Sheet,2768752640013,DFITTWS30NSH,Shore / Twin,1/2/2018 16:41:36,8/18/2022 6:04:21,,
5505404673,8/19/2022 23:38:04,Fitted Sheets,3/23/2016 0:05:38,8/19/2022 23:25:34,Signature Fitted Sheet,31117368918075,SFTSSBRQ,Beige / Queen,12/3/2019 17:32:32,8/2/2022 18:35:26,,
5505404673,5/22/2022 17:28:16,Fitted Sheets,3/23/2016 0:05:38,5/22/2022 17:15:00,Signature Fitted Sheet,2768788946957,DFITTWS30NST,Stone / Twin,1/2/2018 16:43:38,5/18/2022 21:03:35,,
5505404673,7/26/2022 14:05:18,Fitted Sheets,3/23/2016 0:05:38,7/26/2022 13:32:03,Signature Fitted Sheet,16872069313,DFITCKS30NST,Stone / California King,3/23/2016 0:05:38,7/25/2022 17:52:36,,
5505404673,11/16/2021 6:10:41,Fitted Sheets,3/23/2016 0:05:38,11/16/2021 5:40:22,Signature Fitted Sheet,2768894361613,DFITTWXS30NST,Stone / Twin XL,1/2/2018 16:50:26,11/15/2021 9:11:32,,
5505404673,5/23/2022 21:38:31,Fitted Sheets,3/23/2016 0:05:38,5/23/2022 21:01:41,Signature Fitted Sheet,16872069697,DFITKIS30NPW,Pewter / King,3/23/2016 0:05:38,5/23/2022 14:32:06,,
5505404673,3/31/2022 17:34:13,Fitted Sheets,3/23/2016 0:05:38,3/31/2022 17:05:04,Signature Fitted Sheet,2768898261005,DFITFLS30NWT,White / Full,1/2/2018 16:50:44,3/27/2022 16:32:47,,
5505404673,2/14/2022 23:40:24,Fitted Sheets,3/23/2016 0:05:38,2/14/2022 23:33:03,Signature Fitted Sheet,31117367017531,SFTSSBRTX,Beige / Twin XL,12/3/2019 17:29:24,1/21/2022 21:46:05,,
5505404673,4/20/2022 21:03:34,Fitted Sheets,3/23/2016 0:05:38,4/20/2022 20:56:15,Signature Fitted Sheet,42260587149,DFITKIS30NDN,Dune / King,9/5/2017 19:00:06,4/20/2022 20:56:15,,
5505404673,5/4/2022 19:39:03,Fitted Sheets,3/23/2016 0:05:38,5/4/2022 19:00:02,Signature Fitted Sheet,16872070017,DFITQUS30NNU,Natural / Queen,3/23/2016 0:05:38,5/4/2022 18:04:03,,
5505404673,11/9/2021 5:35:57,Fitted Sheets,3/23/2016 0:05:38,11/9/2021 5:20:29,Signature Fitted Sheet,16872069953,DFITKIS30NIV,Ivory / King,3/23/2016 0:05:38,11/5/2021 13:16:29,,
5505404673,12/10/2021 21:32:08,Fitted Sheets,3/23/2016 0:05:38,12/10/2021 21:10:11,Signature Fitted Sheet,2768973070349,DFITFLS30NST,Stone / Full,1/2/2018 16:56:08,11/19/2021 2:01:18,,
5505404673,5/30/2022 6:31:38,Fitted Sheets,3/23/2016 0:05:38,5/30/2022 6:03:55,Signature Fitted Sheet,42260621453,DFITQUS30NDN,Dune / Queen,9/5/2017 19:00:25,5/27/2022 2:03:00,,
5505404673,7/15/2022 21:33:25,Fitted Sheets,3/23/2016 0:05:38,7/15/2022 21:17:32,Signature Fitted Sheet,2768942694413,DFITFLS30NSH,Shore / Full,1/2/2018 16:53:44,7/15/2022 13:12:16,,
5505404673,7/30/2022 2:35:55,Fitted Sheets,3/23/2016 0:05:38,7/30/2022 2:05:15,Signature Fitted Sheet,31117413351483,SFTSSBLTW,Mineral / Twin,12/3/2019 18:24:59,7/25/2022 16:15:44,,
5505404673,4/11/2022 6:06:20,Fitted Sheets,3/23/2016 0:05:38,4/11/2022 5:55:50,Signature Fitted Sheet,16872069249,DFITCKS30NPW,Pewter / California King,3/23/2016 0:05:38,4/7/2022 18:02:16,,
5505404673,11/26/2021 1:29:52,Fitted Sheets,3/23/2016 0:05:38,11/26/2021 1:20:17,Signature Fitted Sheet,2768752640013,DFITTWS30NSH,Shore / Twin,1/2/2018 16:41:36,11/19/2021 17:06:01,,
5505404673,3/24/2022 5:02:47,Fitted Sheets,3/23/2016 0:05:38,3/24/2022 4:46:20,Signature Fitted Sheet,42260550413,DFITCKS30NDN,Dune / California King,9/5/2017 18:59:45,3/23/2022 6:02:06,,
5505404673,7/26/2022 12:35:18,Fitted Sheets,3/23/2016 0:05:38,7/26/2022 12:05:03,Signature Fitted Sheet,2768706273293,DFITTWS30NNU,Natural / Twin,1/2/2018 16:39:10,7/21/2022 17:46:38,,
5505404673,12/2/2021 16:33:45,Fitted Sheets,3/23/2016 0:05:38,12/2/2021 16:05:04,Signature Fitted Sheet,16872069825,DFITKIS30NWT,White / King,3/23/2016 0:05:38,12/2/2021 16:03:27,,
5505404673,10/13/2021 1:31:25,Fitted Sheets,3/23/2016 0:05:38,10/13/2021 1:26:50,Signature Fitted Sheet,16872069377,DFITCKS30NWT,White / California King,3/23/2016 0:05:38,10/12/2021 21:29:11,,
5505404673,11/9/2021 16:06:13,Fitted Sheets,3/23/2016 0:05:38,11/9/2021 15:35:02,Signature Fitted Sheet,2768668262413,DFITTWS30NIV,Ivory / Twin,1/2/2018 16:37:13,11/5/2021 18:54:30,,
5505404673,5/22/2022 1:38:08,Fitted Sheets,3/23/2016 0:05:38,5/22/2022 1:15:04,Signature Fitted Sheet,2768942694413,DFITFLS30NSH,Shore / Full,1/2/2018 16:53:44,5/17/2022 6:03:32,,
6664155103291,7/9/2022 22:30:05,Home Fragrances,9/30/2021 21:43:06,7/9/2022 22:14:41,Single Wick Candle,39683761307707,SCWAX1WCNDHMOS,Home,10/14/2021 17:31:31,7/9/2022 20:45:41,,
6664155136059,12/6/2021 4:35:50,,9/30/2021 21:43:07,12/6/2021 4:02:03,Triple Wick Candle,39683761471547,SCWAX3WCNDSHOS,Shore,10/14/2021 17:31:33,12/5/2021 16:22:39,,
4399160754235,10/4/2020 19:30:31,White Goods,1/2/2020 16:47:22,10/4/2020 19:00:23,The Mattress Protector,31415445291067,PMPSSWTTX,Twin XL,1/2/2020 16:54:33,10/4/2020 15:41:55,,
4399160754235,2/20/2022 17:33:34,Mattress Protector,1/2/2020 16:47:22,2/20/2022 17:00:17,The Mattress Protector,31415445291067,PMPSSWTTX,Twin XL,1/2/2020 16:54:33,2/19/2022 22:14:30,,
4399160754235,3/9/2022 13:58:08,Mattress Protector,1/2/2020 16:47:22,3/9/2022 13:27:50,The Mattress Protector,31415445258299,PMPSSWTTW,Twin,1/2/2020 16:54:33,3/8/2022 22:01:22,,
4399160754235,5/2/2022 19:28:41,Mattress Protector,1/2/2020 16:47:22,5/2/2022 19:08:42,The Mattress Protector,31415445323835,PMPSSWTF,Full,1/2/2020 16:54:33,5/2/2022 5:11:21,,
4560054976571,11/15/2020 20:02:28,Bath,2/19/2020 19:28:54,11/15/2020 19:45:30,Plush Bath Mat,32236724092987,ABMTSPWO,Pale Pewter,2/19/2020 19:30:08,11/11/2020 22:03:07,,
6587753857083,6/1/2021 3:01:31,Bath,5/21/2021 17:19:51,6/1/2021 2:56:12,Blush Plush Bath Towel,39427358490683,TBTTRPSBTBSOS,Blush,5/21/2021 17:19:52,6/1/2021 2:54:45,,
5502688193,6/29/2022 21:07:00,Bath,3/22/2016 18:18:40,6/29/2022 20:48:45,Plush Hand Towels (Pair),32624739450939,TWHTTSBLO,Mineral,3/9/2020 19:15:25,6/29/2022 19:53:01,,
5502688193,11/1/2021 6:03:07,Bath,3/22/2016 18:18:40,11/1/2021 5:45:04,Plush Hand Towels (Pair),34394670334011,TTWLHDRSTNSH,Shore,1/8/2021 22:54:45,11/1/2021 5:44:46,,
4560054976571,4/30/2021 14:02:12,Bath,2/19/2020 19:28:54,4/30/2021 13:35:38,Plush Bath Mat,32236724060219,ABMTSBRO,Beige,2/19/2020 19:30:08,4/15/2021 13:09:19,,
6849056931899,6/25/2022 22:06:17,Fabric Swatch,5/5/2022 15:13:34,6/25/2022 21:55:30,Reserve Swatches,40344582651963,SWARSTCHIVR4X4,Ivory,5/5/2022 15:13:34,6/25/2022 18:47:20,,
8375779329,2/16/2020 17:57:55,Bath,11/2/2016 14:01:21,2/16/2020 17:40:03,Plush Bath Towel Set,33242604173,TTWLBUNDLENV,Navy,3/1/2017 15:25:47,12/9/2019 20:21:10,,
5502688193,11/24/2019 19:34:54,Bath,3/22/2016 18:18:40,11/24/2019 19:13:13,Plush Hand Towels (Pair),22292032385,TTWLHDRSTNNV,navy,7/22/2016 14:08:38,9/24/2019 5:04:54,,
5502688193,12/27/2019 18:07:47,Bath,3/22/2016 18:18:40,12/27/2019 17:49:31,Plush Hand Towels (Pair),18006190593,TTWLHDRSTNNU,Natural,4/27/2016 3:50:34,12/27/2019 14:52:45,,
6658942402619,8/24/2022 17:06:28,Fabric Swatch,9/17/2021 16:43:22,8/24/2022 16:54:17,Percale Hemmed Fabric Swatch,39640399937595,SWAPRHTCHSH4X4,Shore,9/17/2021 16:43:22,8/24/2022 16:12:39,,
6658942402619,5/17/2022 2:36:39,Fabric Swatch,9/17/2021 16:43:22,5/17/2022 2:05:43,Percale Hemmed Fabric Swatch,39640399872059,SWAPRHTCHIVR4X4,Ivory,9/17/2021 16:43:22,5/16/2022 22:36:51,,
6658942402619,1/16/2022 20:29:28,,9/17/2021 16:43:22,1/16/2022 20:21:10,Percale Hemmed Fabric Swatch,39640399970363,SWAPRHTCHSTN4X4,Stone,9/17/2021 16:43:22,1/16/2022 7:02:02,,
6658942402619,12/3/2021 10:04:39,,9/17/2021 16:43:22,12/3/2021 9:41:31,Percale Hemmed Fabric Swatch,39640399872059,SWAPRHTCHIVR4X4,Ivory,9/17/2021 16:43:22,12/3/2021 5:18:03,,
6658942402619,11/10/2021 11:03:14,,9/17/2021 16:43:22,11/10/2021 10:36:37,Percale Hemmed Fabric Swatch,39640399872059,SWAPRHTCHIVR4X4,Ivory,9/17/2021 16:43:22,11/10/2021 6:21:46,,
4633248727099,2/13/2022 0:59:58,Bath,3/10/2020 13:18:03,2/13/2022 0:56:00,Spa Bath Sheet Set,34397040607291,TBTTRSPBSSBSML,Blush,1/11/2021 20:10:28,1/21/2022 21:59:54,,
4633248727099,8/6/2022 15:37:15,Bath,3/10/2020 13:18:03,8/6/2022 15:04:41,Spa Bath Sheet Set,34397040508987,BBSTSSHM,Shore,1/11/2021 20:10:09,8/4/2022 16:58:33,,
4633422823483,8/16/2022 18:30:15,Bath,3/10/2020 14:05:34,8/16/2022 18:06:37,Spa Bath Towel (Single),32646426361915,TWBTTSBRO,Beige [hidden],3/10/2020 14:17:08,8/2/2022 18:35:56,,
6658942435387,6/22/2022 20:05:43,Fabric Swatch,9/17/2021 16:43:23,6/22/2022 19:50:26,Signature Hemmed Fabric Swatch,39640400265275,SWASGHTCHWT4X4,White,9/17/2021 16:43:24,6/22/2022 19:48:41,,
6658942435387,6/2/2022 22:32:36,Fabric Swatch,9/17/2021 16:43:23,6/2/2022 21:58:28,Signature Hemmed Fabric Swatch,39640400101435,SWASGHTCHMN4X4,Mineral,9/17/2021 16:43:23,6/2/2022 18:04:30,,
6658942435387,7/19/2022 16:34:05,Fabric Swatch,9/17/2021 16:43:23,7/19/2022 16:25:38,Signature Hemmed Fabric Swatch,39640400232507,SWASGHTCHSTN4X4,Stone,9/17/2021 16:43:24,7/19/2022 13:23:51,,
6658942435387,4/9/2022 3:05:55,Fabric Swatch,9/17/2021 16:43:23,4/9/2022 2:55:41,Signature Hemmed Fabric Swatch,39640400166971,SWASGHTCHPW4X4,Pewter,9/17/2021 16:43:24,4/9/2022 2:49:41,,
8376909121,1/17/2022 15:59:37,Bath,11/2/2016 16:13:14,1/17/2022 15:35:02,Plush Bath Sheet Set,34394670039099,TBTTRPSBSSBSML,Blush,1/8/2021 22:52:31,12/2/2021 19:05:14,,
6658942435387,8/6/2022 21:57:18,Fabric Swatch,9/17/2021 16:43:23,8/6/2022 21:50:17,Signature Hemmed Fabric Swatch,39640400265275,SWASGHTCHWT4X4,White,9/17/2021 16:43:24,8/6/2022 21:49:23,,
6658942435387,8/16/2022 0:01:58,Fabric Swatch,9/17/2021 16:43:23,8/15/2022 23:37:21,Signature Hemmed Fabric Swatch,39640400166971,SWASGHTCHPW4X4,Pewter,9/17/2021 16:43:24,8/15/2022 23:37:21,,
8376909121,1/2/2021 2:31:35,Bath,11/2/2016 16:13:14,1/2/2021 2:25:30,Plush Bath Sheet Set,33252740941,TSHTBUNDLEMG,Stone,3/1/2017 17:42:08,1/2/2021 2:22:21,,
5502688193,1/7/2021 16:13:48,Bath,3/22/2016 18:18:40,1/7/2021 15:45:04,Plush Hand Towels (Pair),32624739450939,TWHTTSBLO,Mineral,3/9/2020 19:15:25,1/5/2021 19:08:06,,
5502687553,1/12/2021 15:34:42,Bath,3/22/2016 18:18:34,1/12/2021 15:25:05,Plush Bath Towel,34394662436923,TBTTRPSBTBSOS,Blush,1/8/2021 22:39:00,1/8/2021 22:40:38,,
5502688193,1/15/2021 21:08:42,Bath,3/22/2016 18:18:40,1/15/2021 20:55:01,Plush Hand Towels (Pair),32624769663035,TWHTTSGRO,Eucalyptus,3/9/2020 19:18:24,1/15/2021 19:14:29,,
5502687553,6/21/2020 2:00:22,Bath,3/22/2016 18:18:34,6/21/2020 1:45:22,Plush Bath Towel,32623134605371,TWBTTSGRO,Eucalyptus,3/9/2020 16:33:11,6/20/2020 21:45:40,,
6957717249,7/12/2020 14:01:13,Bath,7/15/2016 2:47:08,7/12/2020 13:40:02,Plush Bath Sheet,21948915969,TTWLBSRSTNSH,DO NOT SELL Shore,7/15/2016 2:47:08,3/9/2020 16:38:06,,
6957717249,6/4/2020 6:00:33,Bath,7/15/2016 2:47:08,6/4/2020 5:40:09,Plush Bath Sheet,21948915713,TTWLBSRSTNWT,White,7/15/2016 2:47:08,6/3/2020 23:01:57,,
8376909121,7/24/2020 18:35:13,Bath,11/2/2016 16:13:14,7/24/2020 18:20:21,Plush Bath Sheet Set,33252740685,TSHTBUNDLESH,DO NOT SELL Shore,3/1/2017 17:42:07,3/9/2020 17:32:28,,
5502688577,9/8/2020 3:28:39,Bath,3/22/2016 18:18:46,9/8/2020 3:10:24,Plush Washcloths (Pair),32624836313147,TWWCTSBLO,Mineral,3/9/2020 19:23:59,9/7/2020 14:34:47,,
5502688577,5/14/2020 20:35:36,Bath,3/22/2016 18:18:46,5/14/2020 20:05:06,Plush Washcloths (Pair),17979759361,TTWLWCRSTNIV,DO NOT SELL Ivory,4/26/2016 14:38:40,3/26/2020 19:36:21,,
6957717249,3/26/2021 13:37:59,Bath,7/15/2016 2:47:08,3/26/2021 13:25:02,Plush Bath Sheet,21948915713,TTWLBSRSTNWT,White,7/15/2016 2:47:08,3/25/2021 21:01:07,,
6957717249,3/8/2021 14:01:45,Bath,7/15/2016 2:47:08,3/8/2021 13:50:01,Plush Bath Sheet,31640308877,TTWLBSNTDUNE,Dune,2/9/2017 17:13:00,3/8/2021 13:49:25,,
8375779329,3/23/2021 20:33:26,Bath,11/2/2016 14:01:21,3/23/2021 20:15:03,Plush Bath Towel Set,28180410113,TTWLBUNDLEWT,White,11/2/2016 14:01:21,3/23/2021 18:10:41,,
5502688577,4/4/2021 3:35:11,Bath,3/22/2016 18:18:46,4/4/2021 3:20:06,Plush Washcloths (Pair),32624828481595,TTWLWCNTDUNE,Dune,3/9/2020 19:23:02,4/4/2021 3:15:21,,
5502688193,2/14/2021 6:34:50,Bath,3/22/2016 18:18:40,2/14/2021 6:05:06,Plush Hand Towels (Pair),32624769663035,TWHTTSGRO,Eucalyptus,3/9/2020 19:18:24,2/14/2021 6:03:15,,
5502688193,3/20/2021 18:01:05,Bath,3/22/2016 18:18:40,3/20/2021 17:50:02,Plush Hand Towels (Pair),17979761025,TTWLHDRSTNMG,Stone,4/26/2016 14:38:46,3/20/2021 17:46:31,,
5502687553,5/22/2021 16:36:29,Bath,3/22/2016 18:18:34,5/22/2021 16:12:06,Plush Bath Towel,34394662436923,TBTTRPSBTBSOS,Blush,1/8/2021 22:39:00,5/21/2021 19:28:28,,
5502687553,6/8/2021 19:01:10,Bath,3/22/2016 18:18:34,6/8/2021 18:55:01,Plush Bath Towel,39366791036987,TBTTRPSBTLVPOS,Spruce,5/5/2021 14:29:37,5/10/2021 16:15:29,,
8376909121,8/9/2021 22:04:55,Bath,11/2/2016 16:13:14,8/9/2021 21:45:08,Plush Bath Sheet Set,33252740941,TSHTBUNDLEMG,Stone,3/1/2017 17:42:08,8/9/2021 11:51:46,,
5502688193,5/6/2021 3:07:48,Bath,3/22/2016 18:18:40,5/6/2021 2:30:03,Plush Hand Towels (Pair),17979761025,TTWLHDRSTNMG,Stone,4/26/2016 14:38:46,5/5/2021 2:34:36,,
5502687553,11/1/2021 0:33:05,Bath,3/22/2016 18:18:34,11/1/2021 0:20:25,Plush Bath Towel,21949167361,TTWLSTRSTNWT,White,7/15/2016 3:00:51,11/1/2021 0:15:06,,
5502687553,11/7/2021 18:34:25,Bath,3/22/2016 18:18:34,11/7/2021 18:25:00,Plush Bath Towel,21949266113,TTWLSTRSTNMG,Stone,7/15/2016 3:05:15,11/7/2021 16:17:28,,
6957717249,1/10/2022 18:36:52,Bath,7/15/2016 2:47:08,1/10/2022 18:05:01,Plush Bath Sheet,34394668630075,TTWLBSRSTNSH,Shore,1/8/2021 22:49:40,1/9/2022 20:06:37,,
6957717249,11/17/2021 19:02:57,Bath,7/15/2016 2:47:08,11/17/2021 18:50:03,Plush Bath Sheet,21948915841,TTWLBSRSTNMG,Stone,7/15/2016 2:47:08,11/17/2021 15:32:27,,
6957717249,11/23/2021 4:06:44,Bath,7/15/2016 2:47:08,11/23/2021 4:00:03,Plush Bath Sheet,21948915713,TTWLBSRSTNWT,White,7/15/2016 2:47:08,11/23/2021 3:59:01,,
8375779329,12/21/2021 18:04:40,Bath,11/2/2016 14:01:21,12/21/2021 17:55:01,Plush Bath Towel Set,32385578827835,BBTTSBLM,Mineral,2/26/2020 17:22:06,12/21/2021 15:34:11,,
6661133664315,11/30/2021 7:31:19,Bath,9/23/2021 16:41:48,11/30/2021 7:05:19,Copy of Plush Hand Towels (Pair),39647415337019,TWHTTSBLO,Mineral,9/23/2021 16:41:48,11/30/2021 7:05:17,,
5502688577,11/14/2021 20:04:53,Bath,3/22/2016 18:18:46,11/14/2021 19:57:26,Plush Washcloths (Pair),34394670956603,TBTTRPSWCBSOS,Blush,1/8/2021 22:58:29,11/13/2021 19:04:36,,
5502688577,12/22/2021 16:06:30,Bath,3/22/2016 18:18:46,12/22/2021 15:53:51,Plush Washcloths (Pair),32624841490491,TWWCTSGRO,Eucalyptus,3/9/2020 19:24:46,12/21/2021 21:55:21,,
8376909121,12/1/2021 5:32:17,Bath,11/2/2016 16:13:14,12/1/2021 5:00:08,Plush Bath Sheet Set,28184630209,TSHTBUNDLEWT,White,11/2/2016 16:13:14,12/1/2021 2:36:33,,
8376909121,12/14/2021 1:58:15,Bath,11/2/2016 16:13:14,12/14/2021 1:50:17,Plush Bath Sheet Set,34394669973563,TSHTBUNDLEPL,Pale Pewter,1/8/2021 22:52:20,12/13/2021 19:38:14,,
4633388417083,9/20/2020 13:34:48,Bath,3/10/2020 13:58:20,9/20/2020 13:25:18,Spa Bath Sheet,32646103760955,TWBSTSBRO,Beige,3/10/2020 14:01:31,9/20/2020 1:45:46,,
4633320915003,11/29/2020 18:01:23,Bath,3/10/2020 13:40:32,11/29/2020 17:31:01,Spa Bath Towel Set,32645774770235,BBTTSWTM,White,3/10/2020 13:42:18,11/29/2020 17:28:19,,
4633561890875,9/26/2020 18:30:54,Bath,3/10/2020 14:30:20,9/26/2020 18:20:31,Spa Washcloths (Pair),32646717210683,TWWCTSWTO,White,3/10/2020 14:33:06,9/26/2020 2:19:20,,
4633561890875,5/31/2020 21:02:03,Bath,3/10/2020 14:30:20,5/31/2020 20:50:35,Spa Washcloths (Pair),32646717210683,TWWCTSWTO,White,3/10/2020 14:33:06,5/31/2020 6:19:37,,
4633248727099,1/15/2021 18:00:44,Bath,3/10/2020 13:18:03,1/15/2021 17:45:17,Spa Bath Sheet Set,32645594316859,BBSTSBRM,Beige,3/10/2020 13:30:20,1/14/2021 7:01:35,,
4173300039739,12/17/2019 2:41:49,Bath,10/9/2019 16:13:27,12/17/2019 2:08:18,Plush Bath Towel Set of 4,30284937789499,BBTNU4PK,Natural,10/9/2019 16:15:42,12/17/2019 2:08:18,,
5502686849,7/10/2020 23:35:19,Baby,3/22/2016 18:18:22,7/10/2020 23:25:14,Classic Crib Sheet,44775654605,DCSTNAS30NWT,White,9/25/2017 18:33:02,7/10/2020 9:34:20,,
4633320915003,3/18/2021 16:02:42,Bath,3/10/2020 13:40:32,3/18/2021 15:49:05,Spa Bath Towel Set,32645774835771,BBTTSBRM,Beige,3/10/2020 13:42:18,1/28/2021 22:22:20,,
4633388417083,8/12/2021 14:04:41,Bath,3/10/2020 13:58:20,8/12/2021 13:40:56,Spa Bath Sheet,34397027860539,TBTTRSPBSBSOS,Blush,1/11/2021 19:53:29,8/11/2021 18:12:38,,
4633320915003,8/10/2021 20:09:04,Bath,3/10/2020 13:40:32,8/10/2021 19:42:40,Spa Bath Towel Set,39366828949563,TBTTRSPBTSLVPML,Spruce,5/5/2021 15:11:35,8/9/2021 18:11:33,,
4633320915003,7/29/2021 16:01:00,Bath,3/10/2020 13:40:32,7/29/2021 15:45:14,Spa Bath Towel Set,34397025402939,BBTTSSTM,Stone,1/11/2021 19:45:12,7/29/2021 15:42:25,,
5502686849,11/5/2020 17:59:41,Baby,3/22/2016 18:18:22,11/5/2020 17:35:05,Classic Crib Sheet,34046797316155,SCRSTGGO,Grey Gingham,7/20/2020 14:44:33,10/22/2020 18:08:04,,
5502686849,11/19/2020 19:28:10,Baby,3/22/2016 18:18:22,11/19/2020 19:03:25,Classic Crib Sheet,44775654605,DCSTNAS30NWT,White,9/25/2017 18:33:02,11/19/2020 7:02:57,,
6658942337083,4/8/2022 3:35:43,,9/17/2021 16:43:18,4/8/2022 3:14:01,Flannel Fabric Swatch,39640399675451,SWAFLFLTCHNT4X4,Natural,9/17/2021 16:43:18,4/7/2022 22:29:30,,
6658942337083,12/7/2021 5:32:46,,9/17/2021 16:43:18,12/7/2021 4:56:44,Flannel Fabric Swatch,39640399609915,SWAFLFLTCHHG4X4,Heathered Grey,9/17/2021 16:43:18,12/7/2021 4:54:41,,
6658942337083,2/9/2022 18:37:14,,9/17/2021 16:43:18,2/9/2022 18:21:15,Flannel Fabric Swatch,39640399609915,SWAFLFLTCHHG4X4,Heathered Grey,9/17/2021 16:43:18,2/9/2022 15:40:57,,
5049629376571,2/24/2021 19:34:56,,10/16/2020 19:34:15,2/24/2021 19:01:51,Classic Crib Sheet,34253632897083,DCSTNAS30UWG,Grey Cottontail,10/16/2020 19:34:16,2/24/2021 19:01:51,,
5502687553,3/16/2020 6:35:23,Bath,3/22/2016 18:18:34,3/16/2020 6:19:17,Plush Bath Towel,21949266049,TTWLSTRSTNLG,DO NOT SELL Pewter,7/15/2016 3:05:15,3/9/2020 16:35:25,,
4633422823483,8/31/2021 20:33:37,Bath,3/10/2020 14:05:34,8/31/2021 20:00:15,Spa Bath Towel,34397024813115,TWBTTSSHO,Shore,1/11/2021 19:42:20,8/31/2021 18:32:49,,
4633522208827,12/14/2021 23:30:54,Bath,3/10/2020 14:20:43,12/14/2021 23:12:26,Spa Hand Towels (Pair),39366824001595,TBTTRSPHTLVPOS,Spruce,5/5/2021 15:02:17,12/14/2021 17:18:15,,
4633388417083,11/18/2021 0:03:58,Bath,3/10/2020 13:58:20,11/17/2021 23:50:43,Spa Bath Sheet,34397027860539,TBTTRSPBSBSOS,Blush,1/11/2021 19:53:29,11/15/2021 9:27:11,,
4633388417083,12/5/2021 0:05:34,Bath,3/10/2020 13:58:20,12/4/2021 23:45:42,Spa Bath Sheet,39366825574459,TBTTRSPBSLVPOS,Spruce,5/5/2021 15:04:59,12/4/2021 18:31:02,,
4633320915003,12/20/2021 5:05:13,Bath,3/10/2020 13:40:32,12/20/2021 4:45:42,Spa Bath Towel Set,34397025501243,BBTTSSHM,Shore,1/11/2021 19:45:19,12/20/2021 1:36:25,,
4633320915003,8/18/2021 17:02:49,Bath,3/10/2020 13:40:32,8/18/2021 16:57:16,Spa Bath Towel Set,32645774835771,BBTTSBRM,Beige,3/10/2020 13:42:18,8/17/2021 20:20:48,,
5095215595579,8/31/2021 3:34:21,Bath,1/11/2021 20:30:56,8/31/2021 3:14:51,Spa Bath Mat,34397061120059,TCTRSPBMPPWOS,Pale Pewter,1/11/2021 20:32:41,8/30/2021 13:59:27,,
6957717249,3/4/2022 18:35:24,Bath,7/15/2016 2:47:08,3/4/2022 18:05:03,Plush Bath Sheet (Single),34394668302395,TTWLBSRSTNPL,Pewter,1/8/2021 22:49:34,3/4/2022 18:01:07,,
6957717249,8/29/2022 21:32:15,Bath,7/15/2016 2:47:08,8/29/2022 21:20:02,Plush Bath Sheet (Single),34394668630075,TTWLBSRSTNSH,Shore,1/8/2021 22:49:40,8/29/2022 6:05:17,,
8376909121,3/9/2022 7:28:04,Bath,11/2/2016 16:13:14,3/9/2022 7:03:01,Plush Bath Sheet Set,34394669973563,TSHTBUNDLEPL,Pewter,1/8/2021 22:52:20,3/9/2022 7:02:56,,
5095215595579,5/30/2022 18:31:47,Bath,1/11/2021 20:30:56,5/30/2022 18:04:41,Spa Bath Mat,34397061120059,TCTRSPBMPPWOS,Pale Pewter [hidden],1/11/2021 20:32:41,5/30/2022 18:04:36,,
10864514445,9/11/2020 18:35:05,Sheet Set Size,10/3/2017 18:01:58,9/11/2020 18:10:07,Queen Sheet Set,45693805517,DSETQUS30HNV,navy,10/3/2017 18:01:59,9/6/2020 18:38:11,,
10864514445,11/25/2019 19:31:48,Sheet Set Size,10/3/2017 18:01:58,11/25/2019 19:11:01,Queen Sheet Set,45693805261,SSETQUFLNONU,natural flannel,10/3/2017 18:01:58,11/25/2019 7:09:36,,
10864514445,5/25/2020 6:31:17,Sheet Set Size,10/3/2017 18:01:58,5/25/2020 6:12:38,Queen Sheet Set,45693805261,SSETQUFLNONU,natural flannel,10/3/2017 18:01:58,5/20/2020 6:06:23,,
10854766797,9/29/2020 18:28:12,Sheet Set Size,10/2/2017 18:33:26,9/29/2020 18:06:25,King Sheet Set,45558838349,DSETKIS30SCR,ivory striped,10/2/2017 18:33:26,9/25/2020 6:05:01,,
10854766797,6/14/2020 18:33:22,Sheet Set Size,10/2/2017 18:33:26,6/14/2020 18:11:42,King Sheet Set,2773428469773,DSETKIS30DUNE,white/dune,1/2/2018 22:35:55,2/6/2020 7:08:59,,
10864900621,2/3/2020 7:34:19,Sheet Set Size,10/3/2017 18:45:40,2/3/2020 7:08:53,Full Sheet Set,45697405773,SSETFLFLNDNWP,navy windowpane,10/3/2017 18:45:40,9/24/2019 4:14:43,,
10864900621,6/6/2020 18:37:17,Sheet Set Size,10/3/2017 18:45:40,6/6/2020 18:11:14,Full Sheet Set,45697406093,SSETFLFLNONU,natural flannel,10/3/2017 18:45:41,4/22/2020 18:06:13,,
10865151821,8/19/2020 18:35:39,Sheet Set Size,10/3/2017 19:15:41,8/19/2020 18:06:32,Twin Sheet Set,45699570701,DSETT1WSHDUNE,dune,10/3/2017 19:15:41,8/16/2020 6:05:07,,
10865151821,9/29/2020 6:29:19,Sheet Set Size,10/3/2017 19:15:41,9/29/2020 6:07:11,Twin Sheet Set,45699694157,DSETTWS30SWT1,white striped,10/3/2017 19:17:26,9/29/2020 6:07:11,,
10865151821,4/20/2020 6:36:16,Sheet Set Size,10/3/2017 19:15:41,4/20/2020 6:12:32,Twin Sheet Set,2769229676557,DSETTWS30PIV1,ivory pleated,1/2/2018 17:24:15,9/24/2019 4:18:46,,
10854775053,12/7/2019 19:30:48,Sheet Set Size,10/2/2017 18:36:36,12/7/2019 19:11:23,Split King Sheet Set,3561870098445,STRCOLORSKL,lilac striped,1/31/2018 15:10:22,9/24/2019 5:31:20,,
10854775053,5/5/2020 18:36:35,Sheet Set Size,10/2/2017 18:36:36,5/5/2020 18:11:58,Split King Sheet Set,2770069684237,NEWHEMSHTPL1S,blush,1/2/2018 18:41:09,9/24/2019 5:28:24,,
10864997325,12/15/2019 19:35:15,Sheet Set Size,10/3/2017 18:59:52,12/15/2019 19:06:20,Twin XL Sheet Set,3561628598285,STRCOLORTXP,pewter striped,1/31/2018 14:54:16,9/24/2019 5:32:09,,
10864997325,1/5/2020 7:46:06,Sheet Set Size,10/3/2017 18:59:52,1/5/2020 7:11:02,Twin XL Sheet Set,45699210765,DSETT1XS30HNV,navy,10/3/2017 19:10:50,9/24/2019 5:29:37,,
10864997325,5/21/2020 18:36:59,Sheet Set Size,10/3/2017 18:59:52,5/21/2020 18:13:24,Twin XL Sheet Set,45699210317,DSETT1XS30HWT,white,10/3/2017 19:10:50,5/19/2020 6:12:42,,
6646118907963,11/12/2021 21:42:18,Throw Blankets,8/19/2021 20:59:31,11/12/2021 21:15:14,Bonfire Stripe Oversized Throw Blanket,39593692299323,HTBBFROVTPBSOS,Pewter,8/19/2021 20:59:31,11/12/2021 21:15:14,,
2049914437691,12/11/2019 7:34:44,Decorative Pillows,1/16/2019 19:49:24,12/11/2019 7:11:25,Decorative Pillow Insert,20079334457403,PIDWT2020,20 x 20,1/16/2019 19:49:24,12/11/2019 7:11:25,,
2334816206907,4/17/2020 15:42:59,Baby,9/3/2019 19:48:32,4/17/2020 15:00:16,Baby Cable Knit Blanket,21375320719419,LTHWBYKNTNPK,Petal,9/3/2019 19:49:52,4/17/2020 6:13:17,,
7181826305,11/2/2019 15:09:26,Baby,7/29/2016 19:13:07,11/2/2019 14:41:10,Baby Signature Gift Set,44961457741,BBUNDLEHRGCW,Grey Herringbone,9/27/2017 16:47:05,11/1/2019 14:53:25,,
10780020685,11/27/2019 18:44:58,Baby,9/25/2017 18:00:01,11/27/2019 18:05:14,Baby Blanket,44773538637,LBKTBYKNTDWB,sky origami,9/25/2017 18:00:01,9/24/2019 4:27:26,,
7181826305,12/15/2020 14:37:58,Baby,7/29/2016 19:13:07,12/15/2020 14:20:04,Baby Signature Gift Set,44961453069,BBUNDLECNGCW,Heathered Grey,9/27/2017 16:46:53,12/13/2020 4:23:20,,
6294583361,9/10/2020 21:29:12,Throw Blankets,5/18/2016 10:34:47,9/10/2020 21:00:06,Cable Knit Throw Blanket,19433753537,LTHWNAKNTNDR,Driftwood,5/18/2016 10:34:47,9/6/2020 18:38:01,,
6294583361,7/16/2020 21:30:27,Throw Blankets,5/18/2016 10:34:47,7/16/2020 21:00:02,Cable Knit Throw Blanket,19433753153,LTHWNAKNTNCO,Carbon,5/18/2016 10:34:47,12/9/2019 18:51:03,,
6294583361,9/4/2021 23:38:42,Throw Blankets,5/18/2016 10:34:47,9/4/2021 23:05:15,Cable Knit Throw Blanket,19433753985,LTHWNAKNTNNV,Navy,5/18/2016 10:34:47,9/4/2021 23:02:25,,
1623483711547,12/18/2019 16:29:20,Protectors,9/25/2018 15:15:57,12/18/2019 16:22:35,Pillow Protector,15238699384891,WGPPWTSTD,Standard,9/25/2018 15:15:57,12/17/2019 19:57:26,,
1623483711547,3/22/2022 23:32:24,Protectors,9/25/2018 15:15:57,3/22/2022 23:01:05,Pillow Protector,31414583394363,PPPSSWTK,King,1/2/2020 15:46:26,3/22/2022 23:01:05,,
1623483711547,9/13/2020 11:58:11,Protectors,9/25/2018 15:15:57,9/13/2020 11:40:15,Pillow Protector,31414578872379,PPPSSWTSD,Standard,1/2/2020 15:45:47,9/13/2020 10:05:15,,
1623483711547,4/2/2020 15:38:09,Protectors,9/25/2018 15:15:57,4/2/2020 15:10:42,Pillow Protector,15238719111227,WGPPWTKING,K,9/25/2018 15:16:22,2/26/2020 7:16:50,,
2334722883643,12/10/2020 5:34:27,Duvet Inserts,9/3/2019 17:04:50,12/10/2020 5:10:28,Down Alternative Duvet Insert,21374895358011,DIPLBBKING,King/Cal. King,9/3/2019 17:04:50,12/10/2020 4:55:20,,
2334722883643,7/17/2020 14:28:01,Duvet Inserts,9/3/2019 17:04:50,7/17/2020 14:20:19,Down Alternative Duvet Insert,21374895325243,DIPLBBQUEEN,Full/Queen,9/3/2019 17:04:50,7/17/2020 14:18:59,,
10667243405,10/13/2021 23:03:29,Throw Blankets,9/13/2017 18:48:47,10/13/2021 22:40:13,Sweater Knit Throw Blanket,43124798349,LTHCHKYBWCO,Heathered Carbon,9/13/2017 18:48:51,10/11/2021 3:54:01,,
5098744447035,9/11/2021 13:37:33,Sheet Sets,1/18/2021 22:26:19,9/11/2021 13:27:55,Percale Simple Stripe Sheet Set,34410293985339,SSKIYDSTRWP,Pewter / King,1/18/2021 22:26:22,9/11/2021 13:27:55,,
5098744447035,2/26/2022 17:01:45,Sheet Sets,1/18/2021 22:26:19,2/26/2022 16:45:31,Percale Simple Stripe Sheet Set,34410294771771,SSKIYDSTRWD,Dune / King,1/18/2021 22:26:22,2/25/2022 19:55:43,,
2334719344699,7/11/2020 18:33:39,Duvet Inserts,9/3/2019 17:00:06,7/11/2020 18:10:33,Down Duvet Insert,21374887133243,DIDDBBQUEEN,Full/Queen1,9/3/2019 17:00:07,7/11/2020 6:00:44,,
5034240573499,1/16/2021 5:06:24,Fitted Sheets,9/18/2020 11:59:58,1/16/2021 4:43:20,Beige Signature Fitted Sheet,34197853306939,SFTSSBRK,Beige / King,9/18/2020 12:00:00,1/15/2021 21:48:20,,
5034346807355,11/17/2020 7:36:06,Sheet Set,9/18/2020 16:22:30,11/17/2020 7:09:03,Beige Signature Hemmed Sheet Set,34198149005371,SSSSSBRSK,Beige / Split King,9/18/2020 16:22:33,11/17/2020 7:09:03,,
5034346807355,10/17/2020 16:05:26,Sheet Set,9/18/2020 16:22:30,10/17/2020 15:51:10,Beige Signature Hemmed Sheet Set,34198148907067,SSSSSBRKK,Beige / King,9/18/2020 16:22:32,10/17/2020 15:20:01,,
5034246930491,11/7/2020 7:36:08,Sheet Set,9/18/2020 12:29:34,11/7/2020 7:07:45,Signature Eyelet Sheet Set,34197869527099,SSSSSTRBRTX,Beige / Twin XL,9/18/2020 12:29:35,11/5/2020 7:07:18,,
6587110293563,7/18/2021 1:07:37,Sheet Sets,5/20/2021 20:41:05,7/18/2021 0:46:08,Blush Percale Hemmed Sheet Set,39424450068539,SSPRTLBHTW,Blush / Twin,5/20/2021 20:41:07,7/17/2021 5:12:10,,
5059983507515,12/12/2020 22:06:17,Accessories,11/5/2020 19:41:26,12/12/2020 21:41:50,Face Mask,34285416906811,AISGFACEWTOS,Grey Hugs & Kisses,11/5/2020 19:51:29,12/12/2020 20:49:26,,
5055670485051,1/8/2021 5:32:37,Sheet Set,10/26/2020 17:15:16,1/8/2021 5:21:38,Ivory Signature Hemmed Sheet Set,34269321461819,DSETCKS30HIV,Ivory / California King,10/26/2020 17:15:17,1/7/2021 20:20:03,,
6664156086331,5/10/2022 16:37:34,Sheet Sets,9/30/2021 21:44:31,5/10/2022 16:11:31,Percale Dot Blossom Sheet Set,39658218651707,SSSPRHSSDLSTX,Shore / Twin XL,9/30/2021 21:44:32,4/27/2022 18:00:37,,
6720656572475,4/20/2022 15:03:32,Sheet Sets,12/9/2021 15:32:27,4/20/2022 14:56:22,Shore Percale Classic Plaid Sheet Set,39845660360763,BSHPRSPLSSSHSK,Shore / Split King,12/9/2021 15:32:28,4/20/2022 14:56:22,,
6667074109499,12/1/2021 22:03:12,Sheet Sets,10/7/2021 20:51:25,12/1/2021 21:52:48,Flannel Classic Plaid Sheet Set,39668991328315,SSSFPTPLWTBLQ,Shore / Queen,10/7/2021 20:51:26,12/1/2021 21:52:48,,
5115367948347,12/31/2021 15:58:21,Sheet Sets,2/22/2021 15:52:26,12/31/2021 15:55:27,Signature Botanical Sheet Set,34465400782907,SSSSPTBOBLF,Indigo / Full,2/22/2021 15:52:27,12/6/2021 13:29:58,,
4331148967995,5/7/2022 1:36:23,Shams,11/14/2019 19:11:29,5/7/2022 1:15:17,Reserve Sham,31084943999035,TSHSSWTE,White / Euro,11/14/2019 19:13:09,4/29/2022 18:04:56,,
5502700865,6/12/2020 19:27:59,Shams,3/22/2016 18:21:39,6/12/2020 19:10:01,Classic Hemmed Sham,17979725633,DSHMEUS30HPW,Pewter / Euro,4/26/2016 14:37:39,6/12/2020 11:17:31,,
5502700865,4/26/2020 2:00:44,Shams,3/22/2016 18:21:39,4/26/2020 1:40:20,Classic Hemmed Sham,17979725441,DSHMKIS30HST,Stone / King,4/26/2016 14:37:39,3/27/2020 13:13:56,,
5042574524475,11/16/2020 3:00:48,Sheet Sets,10/5/2020 12:52:54,11/16/2020 2:51:27,Signature Hemmed Fitted Sheet Set,34230857007163,SSEUCHDUCK,Dune / California King,10/5/2020 12:57:31,11/11/2020 18:35:53,,
5042574524475,11/5/2020 3:31:10,Sheet Sets,10/5/2020 12:52:54,11/5/2020 3:26:26,Signature Hemmed Fitted Sheet Set,34230857138235,SSEUCHSHKS,Shore / King w/ Std. Cases,10/5/2020 12:57:31,11/4/2020 20:52:11,,
5042574524475,11/14/2020 0:09:39,Sheet Sets,10/5/2020 12:52:54,11/13/2020 23:52:31,Signature Hemmed Fitted Sheet Set,34230857269307,SSEUCHMNKK,Mineral / King,10/5/2020 12:57:31,11/11/2020 18:35:53,,
5042574524475,2/5/2021 7:35:03,Sheet Sets,10/5/2020 12:52:54,2/5/2021 7:06:10,Signature Hemmed Fitted Sheet Set,34230856974395,SSEUCHDUKS,Dune / King w/ Std. Cases,10/5/2020 12:57:31,2/1/2021 22:18:46,,
4331055251515,6/29/2022 5:56:53,Sheet Sets,11/14/2019 16:35:29,6/29/2022 5:32:07,Reserve Sheet Set,31084825411643,SSSSSWTF,White / Full,11/14/2019 18:07:12,6/24/2022 20:49:35,,
4331055251515,5/7/2022 21:07:01,Sheet Sets,11/14/2019 16:35:29,5/7/2022 20:30:11,Reserve Sheet Set,39300734419003,BSHLXLXSSPWSK,Pewter / Split King,3/22/2021 17:18:56,5/4/2022 15:41:25,,
6837495726139,8/18/2022 6:39:29,Sheet Sets,4/21/2022 14:24:11,8/18/2022 6:03:11,Copy of Linen Sheet Set,40309979807803,BSHLNSSWTKS,White / King w/ Std. Cases,4/21/2022 14:24:11,8/18/2022 6:03:06,,
6550648651835,10/14/2021 12:08:41,Sheet Sets,3/22/2021 18:04:39,10/14/2021 11:46:45,Linen Sheet Set,39300804313147,BSHLNSSSHSK,Shore / Split King,3/22/2021 18:04:40,10/10/2021 23:59:20,,
6550648651835,8/11/2021 12:09:09,Sheet Sets,3/22/2021 18:04:39,8/11/2021 11:36:47,Linen Sheet Set,39300806410299,BSHLNSSMNKS,Mineral / King,3/22/2021 18:07:14,8/11/2021 6:02:05,,
6550648651835,5/24/2022 14:30:00,Sheet Sets,3/22/2021 18:04:39,5/24/2022 14:26:47,Linen Sheet Set,39300803952699,BSHLNSSWTKN,White / King,3/22/2021 18:04:40,5/24/2022 13:34:10,,
6566513967163,9/15/2021 6:28:49,Pillowcase Sets,4/20/2021 18:12:52,9/15/2021 6:02:01,LK Sheet Set,39344312877115,,Shore Cottonfield / Full,4/20/2021 18:19:20,5/10/2021 16:15:23,,
5505404673,9/19/2019 13:02:40,Fitted Sheets,3/23/2016 0:05:38,9/19/2019 12:30:56,Fitted Sheet,16872069249,DFITCKS30NPW,Pewter / California King,3/23/2016 0:05:38,9/18/2019 3:21:50,,
5505404673,11/22/2019 4:00:28,Fitted Sheets,3/23/2016 0:05:38,11/22/2019 3:28:40,Classic Fitted Sheet,2768942694413,DFITFLS30NSH,Shore / Full,1/2/2018 16:53:44,11/20/2019 5:55:35,,
5505404673,9/6/2019 19:24:23,Fitted Sheets,3/23/2016 0:05:38,9/6/2019 15:03:40,Fitted Sheet,2768968843277,DFITFLS30NPW,Pewter / Full,1/2/2018 16:55:51,9/4/2019 15:33:13,,
5505404673,11/26/2019 4:36:10,Fitted Sheets,3/23/2016 0:05:38,11/26/2019 4:07:00,Classic Fitted Sheet,16872070337,DFITQUS30NIV,Ivory / Queen,3/23/2016 0:05:38,11/24/2019 23:42:15,,
199052853261,9/24/2019 16:42:07,Flat Sheet,12/8/2017 20:12:37,9/24/2019 16:22:18,Classic Hemmed Flat Sheet,2066820759565,DFLTTWXS30NST,Stone / Twin XL,12/8/2017 20:12:38,9/24/2019 4:13:42,,
199052853261,9/16/2019 15:04:16,Flat Sheets,12/8/2017 20:12:37,9/16/2019 14:51:15,Flat Sheet,2066821742605,DFLTCKS30NIV,Ivory / California King,12/8/2017 20:12:38,9/12/2019 20:23:50,,
199052853261,10/13/2019 15:38:29,Flat Sheet,12/8/2017 20:12:37,10/13/2019 15:22:23,Classic Hemmed Flat Sheet,2066821742605,DFLTCKS30NIV,Ivory / California King,12/8/2017 20:12:38,10/13/2019 3:12:40,,
5505404673,12/18/2019 0:32:27,Fitted Sheets,3/23/2016 0:05:38,12/18/2019 0:08:20,Classic Fitted Sheet,2768850878477,DFITTWXS30NNV,Navy / Twin XL,1/2/2018 16:47:22,12/9/2019 18:59:24,,
5505404673,1/5/2020 19:10:18,Fitted Sheets,3/23/2016 0:05:38,1/5/2020 18:50:25,Classic Fitted Sheet,2768806215693,DFITTWXS30NNU,Natural / Twin XL,1/2/2018 16:44:31,1/2/2020 18:33:02,,
199052853261,1/7/2020 14:18:30,Flat Sheet,12/8/2017 20:12:37,1/7/2020 13:40:25,Classic Hemmed Flat Sheet,31117361381435,SFLSSBLCK,Mineral / California King,12/3/2019 17:15:39,1/2/2020 18:50:33,,
199052853261,1/12/2020 18:05:40,Flat Sheet,12/8/2017 20:12:37,1/12/2020 17:53:25,Classic Hemmed Flat Sheet,2066820792333,DFLTFLS30NWT,White / Full,12/8/2017 20:12:38,1/5/2020 20:14:01,,
199052853261,1/12/2020 18:05:40,Flat Sheet,12/8/2017 20:12:37,1/12/2020 17:53:25,Classic Hemmed Flat Sheet,2066821087245,DFLTQUS30NWT,White / Queen,12/8/2017 20:12:38,1/11/2020 21:30:15,,
199052853261,1/7/2020 17:34:24,Flat Sheet,12/8/2017 20:12:37,1/7/2020 17:22:08,Classic Hemmed Flat Sheet,2066821185549,DFLTQUS30NDN,Dune / Queen,12/8/2017 20:12:38,1/6/2020 20:17:17,,
5505404673,9/1/2020 16:32:27,Fitted Sheets,3/23/2016 0:05:38,9/1/2020 16:20:12,Classic Fitted Sheet,31117414826043,SFTSSBLTX,Mineral / Twin XL,12/3/2019 18:27:25,8/29/2020 17:24:30,,
5505404673,1/17/2020 22:40:47,Fitted Sheets,3/23/2016 0:05:38,1/17/2020 22:10:45,Classic Fitted Sheet,16872070209,DFITQUS30NST,Stone / Queen,3/23/2016 0:05:38,1/16/2020 19:10:16,,
5505404673,8/23/2020 2:06:25,Fitted Sheets,3/23/2016 0:05:38,8/23/2020 1:35:19,Classic Fitted Sheet,31117368918075,SFTSSBRQ,Beige / Queen,12/3/2019 17:32:32,8/18/2020 22:19:42,,
5505404673,8/29/2020 0:04:42,Fitted Sheets,3/23/2016 0:05:38,8/28/2020 23:30:21,Classic Fitted Sheet,16872069377,DFITCKS30NWT,White / California King,3/23/2016 0:05:38,8/28/2020 23:29:47,,
5505404673,8/12/2020 14:04:03,Fitted Sheets,3/23/2016 0:05:38,8/12/2020 13:40:05,Classic Fitted Sheet,16872069185,DFITCKS30NNV-B,Navy / California King,3/23/2016 0:05:38,1/13/2020 20:44:05,,
5505404673,9/8/2020 15:06:30,Fitted Sheets,3/23/2016 0:05:38,9/8/2020 14:30:06,Classic Fitted Sheet,31117367574587,SFTSSBRF,Beige / Full,12/3/2019 17:30:09,9/7/2020 1:42:05,,
5505404673,1/20/2020 15:07:49,Fitted Sheets,3/23/2016 0:05:38,1/20/2020 14:50:06,Classic Fitted Sheet,2768793796621,DFITTWX30NWT,White / Twin XL,1/2/2018 16:43:54,1/13/2020 20:44:05,,
5505404673,1/20/2020 15:07:49,Fitted Sheets,3/23/2016 0:05:38,1/20/2020 14:50:06,Classic Fitted Sheet,16872070273,DFITQUS30NWT,White / Queen,3/23/2016 0:05:38,1/20/2020 14:50:06,,
5505404673,8/21/2020 6:32:11,Fitted Sheets,3/23/2016 0:05:38,8/21/2020 6:03:38,Classic Fitted Sheet,31117367574587,SFTSSBRF,Beige / Full,12/3/2019 17:30:09,8/17/2020 16:26:55,,
5505404673,8/20/2020 6:34:43,Fitted Sheets,3/23/2016 0:05:38,8/20/2020 6:03:30,Classic Fitted Sheet,31117368918075,SFTSSBRQ,Beige / Queen,12/3/2019 17:32:32,8/18/2020 22:19:42,,
5505404673,10/1/2020 18:31:30,Fitted Sheets,3/23/2016 0:05:38,10/1/2020 18:25:15,Signature Fitted Sheet,2768852647949,DFITTWXS30NPW,Pewter / Twin XL,1/2/2018 16:47:39,9/6/2020 18:38:19,,
5505404673,5/2/2020 14:36:24,Fitted Sheets,3/23/2016 0:05:38,5/2/2020 14:00:05,Classic Fitted Sheet,16872069569,DFITKIS30NNV,Navy / King,3/23/2016 0:05:38,1/13/2020 20:44:05,,
5505404673,7/7/2020 0:00:28,Fitted Sheets,3/23/2016 0:05:38,7/6/2020 23:50:10,Classic Fitted Sheet,2768668262413,DFITTWS30NIV,Ivory / Twin,1/2/2018 16:37:13,7/1/2020 2:18:20,,
5505404673,6/30/2020 21:29:45,Fitted Sheets,3/23/2016 0:05:38,6/30/2020 21:00:01,Classic Fitted Sheet,2768903569421,DFITFLS30NIV,Ivory / Full,1/2/2018 16:51:03,6/25/2020 19:33:01,,
5505404673,4/8/2020 19:28:20,Fitted Sheets,3/23/2016 0:05:38,4/8/2020 19:20:04,Classic Fitted Sheet,29511411341,DFITQUS30NSH,Shore / Queen,12/16/2016 16:08:40,4/7/2020 20:26:55,,
5505404673,7/7/2020 7:29:29,Fitted Sheets,3/23/2016 0:05:38,7/7/2020 7:10:02,Classic Fitted Sheet,31117422493755,SFTSSBLQ,Mineral / Queen,12/3/2019 18:35:00,7/4/2020 17:00:40,,
5505404673,5/2/2020 20:35:04,Fitted Sheets,3/23/2016 0:05:38,5/2/2020 20:25:05,Classic Fitted Sheet,2768788946957,DFITTWS30NST,Stone / Twin,1/2/2018 16:43:38,4/29/2020 17:43:23,,
5505404673,3/1/2020 14:34:37,Fitted Sheets,3/23/2016 0:05:38,3/1/2020 14:20:00,Classic Fitted Sheet,2768845111309,DFITTWXS30NSH,Shore / Twin XL,1/2/2018 16:47:03,2/21/2020 22:11:45,,
5505404673,4/12/2020 15:33:33,Fitted Sheets,3/23/2016 0:05:38,4/12/2020 15:20:05,Classic Fitted Sheet,31117368918075,SFTSSBRQ,Beige / Queen,12/3/2019 17:32:32,4/10/2020 18:15:55,,
5505404673,2/7/2020 17:34:40,Fitted Sheets,3/23/2016 0:05:38,2/7/2020 17:09:10,Classic Fitted Sheet,2768936992781,DFITFLS30NNU,Natural / Full,1/2/2018 16:53:01,2/4/2020 3:13:05,,
5505404673,7/3/2020 13:29:26,Fitted Sheets,3/23/2016 0:05:38,7/3/2020 13:05:13,Classic Fitted Sheet,2768752640013,DFITTWS30NSH,Shore / Twin,1/2/2018 16:41:36,6/27/2020 2:44:05,,
5505404673,7/22/2020 2:05:38,Fitted Sheets,3/23/2016 0:05:38,7/22/2020 1:45:43,Classic Fitted Sheet,2768838950925,DFITTWX30NDN,Dune / Twin XL,1/2/2018 16:46:41,7/21/2020 18:11:14,,
5505404673,7/14/2020 20:05:19,Fitted Sheets,3/23/2016 0:05:38,7/14/2020 19:50:02,Classic Fitted Sheet,2768903569421,DFITFLS30NIV,Ivory / Full,1/2/2018 16:51:03,7/11/2020 21:11:15,,
5505404673,3/30/2020 21:06:00,Fitted Sheets,3/23/2016 0:05:38,3/30/2020 20:30:07,Classic Fitted Sheet,2768756375565,DFITTWS30NNV,Navy / Twin,1/2/2018 16:41:52,1/13/2020 20:44:05,,
5505404673,2/26/2020 7:36:29,Fitted Sheets,3/23/2016 0:05:38,2/26/2020 7:11:59,Classic Fitted Sheet,2768788946957,DFITTWS30NST,Stone / Twin,1/2/2018 16:43:38,2/19/2020 17:12:21,,
199052853261,11/7/2020 18:34:19,Flat Sheet,12/8/2017 20:12:37,11/7/2020 18:25:10,Signature Hemmed Flat Sheet,2066820825101,DFLTFLS30NIV,Ivory / Full,12/8/2017 20:12:38,10/26/2020 19:14:50,,
199052853261,9/12/2020 15:02:18,Flat Sheet,12/8/2017 20:12:37,9/12/2020 14:30:07,Classic Hemmed Flat Sheet,31117359284283,SFLSSBLQ,Mineral / Queen,12/3/2019 17:10:58,9/11/2020 14:20:40,,
199052853261,11/27/2020 21:09:12,Flat Sheet,12/8/2017 20:12:37,11/27/2020 20:55:20,Signature Hemmed Flat Sheet,2066820366349,DFLTTWS30NSH,Shore / Twin,12/8/2017 20:12:38,11/24/2020 16:37:57,,
199052853261,6/26/2020 19:30:29,Flat Sheet,12/8/2017 20:12:37,6/26/2020 19:20:21,Classic Hemmed Flat Sheet,2066821906445,DFLTCKS30NNV,Navy / California King,12/8/2017 20:12:38,1/13/2020 20:45:47,,
199052853261,1/21/2020 22:04:34,Flat Sheet,12/8/2017 20:12:37,1/21/2020 21:38:25,Classic Hemmed Flat Sheet,2066821251085,DFLTQUS30NSH,Shore / Queen,12/8/2017 20:12:38,1/19/2020 17:14:45,,
199052853261,7/18/2020 20:35:03,Flat Sheet,12/8/2017 20:12:37,7/18/2020 20:20:04,Classic Hemmed Flat Sheet,2066821251085,DFLTQUS30NSH,Shore / Queen,12/8/2017 20:12:38,7/14/2020 18:10:37,,
199052853261,1/15/2021 19:59:48,Flat Sheet,12/8/2017 20:12:37,1/15/2021 19:32:12,Signature Hemmed Flat Sheet,2066821087245,DFLTQUS30NWT,White / Queen,12/8/2017 20:12:38,1/15/2021 1:23:55,,
199052853261,2/3/2020 23:32:50,Flat Sheet,12/8/2017 20:12:37,2/3/2020 23:12:44,Classic Hemmed Flat Sheet,2066820530189,DFLTTWXS30NIV,Ivory / Twin XL,12/8/2017 20:12:38,1/15/2020 19:10:39,,
199052853261,4/16/2020 21:32:20,Flat Sheet,12/8/2017 20:12:37,4/16/2020 21:10:15,Classic Hemmed Flat Sheet,2066821120013,DFLTQUS30NIV,Ivory / Queen,12/8/2017 20:12:38,4/13/2020 0:35:34,,
199052853261,10/7/2020 20:02:18,Flat Sheet,12/8/2017 20:12:37,10/7/2020 19:55:04,Signature Hemmed Flat Sheet,2066821709837,DFLTCKS30NWT,White / California King,12/8/2017 20:12:38,10/7/2020 15:18:16,,
199052853261,12/25/2020 0:05:08,Flat Sheet,12/8/2017 20:12:37,12/24/2020 23:30:16,Signature Hemmed Flat Sheet,31117361381435,SFLSSBLCK,Mineral / California King,12/3/2019 17:15:39,11/23/2020 17:46:36,,
5505404673,11/5/2020 16:59:50,Fitted Sheets,3/23/2016 0:05:38,11/5/2020 16:35:03,Signature Fitted Sheet,16872069121,DFITCKS30NNU,Natural / California King,3/23/2016 0:05:38,9/6/2020 18:37:55,,
5505404673,10/9/2020 19:07:19,Fitted Sheets,3/23/2016 0:05:38,10/9/2020 18:30:05,Signature Fitted Sheet,2768714661901,DFITTWS30NDN,Dune / Twin,1/2/2018 16:39:29,9/6/2020 18:38:19,,
5505404673,10/26/2020 14:29:12,Fitted Sheets,3/23/2016 0:05:38,10/26/2020 14:20:02,Signature Fitted Sheet,16872069441,DFITCKS30NIV,Ivory / California King,3/23/2016 0:05:38,10/24/2020 15:32:06,,
5505404673,12/1/2020 5:03:34,Fitted Sheets,3/23/2016 0:05:38,12/1/2020 4:55:17,Signature Fitted Sheet,31117405388859,SFTSSBRCK,Beige / California King,12/3/2019 18:19:57,11/30/2020 15:11:01,,
5505404673,12/5/2020 17:39:08,Fitted Sheets,3/23/2016 0:05:38,12/5/2020 17:25:05,Signature Fitted Sheet,2768936992781,DFITFLS30NNU,Natural / Full,1/2/2018 16:53:01,11/2/2020 23:21:40,,
5505404673,12/4/2020 2:06:10,Fitted Sheets,3/23/2016 0:05:38,12/4/2020 1:35:11,Signature Fitted Sheet,2770925289485,DFITTWS30NPW,Pewter / Twin,1/2/2018 19:32:27,12/3/2020 14:42:41,,
5505404673,11/13/2020 4:27:07,Fitted Sheets,3/23/2016 0:05:38,11/13/2020 4:15:08,Signature Fitted Sheet,29511392333,DFITCKS30NSH,Shore / California King,12/16/2016 16:07:07,11/10/2020 17:44:30,,
5505404673,1/9/2021 1:06:06,Fitted Sheets,3/23/2016 0:05:38,1/9/2021 0:45:05,Signature Fitted Sheet,2768903569421,DFITFLS30NIV,Ivory / Full,1/2/2018 16:51:03,12/2/2020 14:50:42,,
5505404673,3/6/2021 21:01:51,Fitted Sheets,3/23/2016 0:05:38,3/6/2021 20:50:05,Signature Fitted Sheet,31117422493755,SFTSSBLQ,Mineral / Queen,12/3/2019 18:35:00,2/13/2021 8:58:35,,